timestamp,datetime,track_id,change_type,capacity,used_before,used_after,utilization_before_percent,utilization_after_percent,change_amount,triggered_by
360.0,2025-12-01T06:00:00+00:00,collection1,capacity_reserved,375.0,0.0,15.9,0.0,4.24,15.9,batch_1_wagons[W0001]
360.0,2025-12-01T06:00:00+00:00,collection1,capacity_reserved,375.0,15.9,32.0,4.24,8.533333333333333,16.1,batch_1_wagons[W0002]
360.0,2025-12-01T06:00:00+00:00,collection1,capacity_reserved,375.0,32.0,52.4,8.533333333333333,13.973333333333333,20.4,batch_1_wagons[W0003]
360.0,2025-12-01T06:00:00+00:00,collection1,capacity_reserved,375.0,52.4,75.9,13.973333333333333,20.240000000000002,23.5,batch_1_wagons[W0004]
360.0,2025-12-01T06:00:00+00:00,collection1,capacity_reserved,375.0,75.9,94.30000000000001,20.240000000000002,25.14666666666667,18.4,batch_1_wagons[W0005]
360.0,2025-12-01T06:00:00+00:00,collection1,capacity_reserved,375.0,94.30000000000001,110.9,25.14666666666667,29.573333333333334,16.6,batch_1_wagons[W0006]
360.0,2025-12-01T06:00:00+00:00,collection1,capacity_released,375.0,110.9,0.0,29.573333333333334,0.0,-110.9,"batch_6_wagons[W0001,W0002,W0003,W0004,W0005,W0006]"
360.0,2025-12-01T06:00:00+00:00,retrofit1,capacity_reserved,319.5,0.0,110.9,0.0,34.71048513302035,110.9,"batch_6_wagons[W0001,W0002,W0003,W0004,W0005,W0006]"
493.0,2025-12-01T08:13:00+00:00,retrofit1,capacity_released,319.5,110.9,78.9,34.71048513302035,24.694835680751176,-32.0,"batch_2_wagons[W0001,W0002]"
493.0,2025-12-01T08:13:00+00:00,retrofit1,capacity_released,319.5,78.9,35.00000000000001,24.694835680751176,10.954616588419409,-43.9,"batch_2_wagons[W0003,W0004]"
493.0,2025-12-01T08:13:00+00:00,retrofit1,capacity_released,319.5,35.00000000000001,7.105427357601002e-15,10.954616588419409,2.2239209256967143e-15,-35.0,"batch_2_wagons[W0005,W0006]"
586.5,2025-12-01T09:46:30+00:00,retrofitted1,capacity_reserved,528.0,0.0,110.9,0.0,21.00378787878788,32.0,"batch_2_wagons[W0001,W0002]"
586.5,2025-12-01T09:46:30+00:00,retrofitted1,capacity_reserved,528.0,32.0,110.9,6.0606060606060606,21.00378787878788,43.9,"batch_2_wagons[W0003,W0004]"
586.5,2025-12-01T09:46:30+00:00,retrofitted1,capacity_reserved,528.0,75.9,110.9,14.375000000000002,21.00378787878788,35.0,"batch_2_wagons[W0005,W0006]"
591.5,2025-12-01T09:51:30+00:00,retrofitted1,capacity_released,528.0,110.9,0.0,21.00378787878788,0.0,-110.9,"batch_6_wagons[W0001,W0002,W0003,W0004,W0005,W0006]"
648.0,2025-12-01T10:48:00+00:00,collection1,capacity_reserved,375.0,0.0,18.8,0.0,5.013333333333334,18.8,batch_1_wagons[W0007]
648.0,2025-12-01T10:48:00+00:00,collection1,capacity_reserved,375.0,18.8,41.1,5.013333333333334,10.96,22.3,batch_1_wagons[W0008]
648.0,2025-12-01T10:48:00+00:00,collection1,capacity_reserved,375.0,41.1,57.0,10.96,15.2,15.9,batch_1_wagons[W0009]
648.0,2025-12-01T10:48:00+00:00,collection1,capacity_reserved,375.0,57.0,79.9,15.2,21.30666666666667,22.9,batch_1_wagons[W0010]
648.0,2025-12-01T10:48:00+00:00,collection1,capacity_reserved,375.0,79.9,104.0,21.30666666666667,27.73333333333333,24.1,batch_1_wagons[W0011]
648.0,2025-12-01T10:48:00+00:00,collection1,capacity_reserved,375.0,104.0,123.7,27.73333333333333,32.98666666666667,19.7,batch_1_wagons[W0012]
648.0,2025-12-01T10:48:00+00:00,collection1,capacity_reserved,375.0,123.7,142.1,32.98666666666667,37.89333333333333,18.4,batch_1_wagons[W0013]
648.0,2025-12-01T10:48:00+00:00,collection1,capacity_reserved,375.0,142.1,165.29999999999998,37.89333333333333,44.08,23.2,batch_1_wagons[W0014]
648.0,2025-12-01T10:48:00+00:00,collection1,capacity_reserved,375.0,165.29999999999998,184.29999999999998,44.08,49.14666666666666,19.0,batch_1_wagons[W0015]
648.0,2025-12-01T10:48:00+00:00,collection1,capacity_reserved,375.0,184.29999999999998,204.49999999999997,49.14666666666666,54.533333333333324,20.2,batch_1_wagons[W0016]
648.0,2025-12-01T10:48:00+00:00,collection1,capacity_reserved,375.0,204.49999999999997,224.59999999999997,54.533333333333324,59.893333333333324,20.1,batch_1_wagons[W0017]
648.0,2025-12-01T10:48:00+00:00,collection1,capacity_reserved,375.0,224.59999999999997,248.69999999999996,59.893333333333324,66.32,24.1,batch_1_wagons[W0018]
648.0,2025-12-01T10:48:00+00:00,collection1,capacity_reserved,375.0,248.69999999999996,266.99999999999994,66.32,71.19999999999999,18.3,batch_1_wagons[W0019]
648.0,2025-12-01T10:48:00+00:00,collection1,capacity_reserved,375.0,266.99999999999994,289.19999999999993,71.19999999999999,77.11999999999998,22.2,batch_1_wagons[W0020]
648.0,2025-12-01T10:48:00+00:00,collection1,capacity_reserved,375.0,289.19999999999993,304.3999999999999,77.11999999999998,81.1733333333333,15.2,batch_1_wagons[W0021]
648.0,2025-12-01T10:48:00+00:00,collection1,capacity_reserved,375.0,304.3999999999999,319.49999999999994,81.1733333333333,85.19999999999999,15.1,batch_1_wagons[W0022]
648.0,2025-12-01T10:48:00+00:00,collection1,capacity_reserved,375.0,319.49999999999994,338.59999999999997,85.19999999999999,90.29333333333332,19.1,batch_1_wagons[W0023]
648.0,2025-12-01T10:48:00+00:00,collection1,capacity_reserved,375.0,338.59999999999997,43.99999999999994,90.29333333333332,11.733333333333318,24.9,batch_1_wagons[W0024]
648.0,2025-12-01T10:48:00+00:00,collection1,capacity_released,375.0,363.49999999999994,68.79999999999994,96.93333333333331,18.34666666666665,-319.5,"batch_16_wagons[W0007,W0008,W0009,W0010,W0011,W0012,W0013,W0014,W0015,W0016,W0017,W0018,W0019,W0020,W0021,W0022]"
648.0,2025-12-01T10:48:00+00:00,collection1,capacity_reserved,375.0,43.99999999999994,68.79999999999994,11.733333333333318,18.34666666666665,24.8,batch_1_wagons[W0025]
648.0,2025-12-01T10:48:00+00:00,retrofit1,capacity_reserved,319.5,7.105427357601002e-15,319.5,2.2239209256967143e-15,100.0,319.5,"batch_16_wagons[W0007,W0008,W0009,W0010,W0011,W0012,W0013,W0014,W0015,W0016,W0017,W0018,W0019,W0020,W0021,W0022]"
648.0,2025-12-01T10:48:00+00:00,collection1,capacity_reserved,375.0,68.79999999999994,87.59999999999994,18.34666666666665,23.359999999999985,18.8,batch_1_wagons[W0026]
648.0,2025-12-01T10:48:00+00:00,collection1,capacity_reserved,375.0,87.59999999999994,102.69999999999993,23.359999999999985,27.38666666666665,15.1,batch_1_wagons[W0027]
648.0,2025-12-01T10:48:00+00:00,collection1,capacity_reserved,375.0,102.69999999999993,117.89999999999993,27.38666666666665,31.439999999999984,15.2,batch_1_wagons[W0028]
648.0,2025-12-01T10:48:00+00:00,collection1,capacity_reserved,375.0,117.89999999999993,142.39999999999992,31.439999999999984,37.973333333333315,24.5,batch_1_wagons[W0029]
648.0,2025-12-01T10:48:00+00:00,collection1,capacity_reserved,375.0,142.39999999999992,158.49999999999991,37.973333333333315,42.266666666666644,16.1,batch_1_wagons[W0030]
648.0,2025-12-01T10:48:00+00:00,collection1,capacity_reserved,375.0,158.49999999999991,180.5999999999999,42.266666666666644,48.159999999999975,22.1,batch_1_wagons[W0031]
648.0,2025-12-01T10:48:00+00:00,collection1,capacity_reserved,375.0,180.5999999999999,204.5999999999999,48.159999999999975,54.559999999999974,24.0,batch_1_wagons[W0032]
648.0,2025-12-01T10:48:00+00:00,collection1,capacity_reserved,375.0,204.5999999999999,225.0999999999999,54.559999999999974,60.02666666666664,20.5,batch_1_wagons[W0033]
648.0,2025-12-01T10:48:00+00:00,collection1,capacity_reserved,375.0,225.0999999999999,249.99999999999991,60.02666666666664,66.66666666666664,24.9,batch_1_wagons[W0034]
648.0,2025-12-01T10:48:00+00:00,collection1,capacity_reserved,375.0,249.99999999999991,265.2999999999999,66.66666666666664,70.74666666666664,15.3,batch_1_wagons[W0035]
648.0,2025-12-01T10:48:00+00:00,collection1,capacity_reserved,375.0,265.2999999999999,283.7999999999999,70.74666666666664,75.67999999999996,18.5,batch_1_wagons[W0036]
648.0,2025-12-01T10:48:00+00:00,collection1,capacity_reserved,375.0,283.7999999999999,299.3999999999999,75.67999999999996,79.83999999999997,15.6,batch_1_wagons[W0037]
648.0,2025-12-01T10:48:00+00:00,collection1,capacity_reserved,375.0,299.3999999999999,321.0999999999999,79.83999999999997,85.62666666666664,21.7,batch_1_wagons[W0038]
661.0,2025-12-01T11:01:00+00:00,parking10,capacity_reserved,450.0,0.0,110.9,0.0,24.644444444444446,110.9,"batch_6_wagons[W0001,W0002,W0003,W0004,W0005,W0006]"
801.0,2025-12-01T13:21:00+00:00,retrofit1,capacity_released,319.5,319.5,278.4,100.0,87.13615023474178,-41.1,"batch_2_wagons[W0007,W0008]"
801.0,2025-12-01T13:21:00+00:00,retrofit1,capacity_released,319.5,278.4,239.59999999999997,87.13615023474178,74.9921752738654,-38.8,"batch_2_wagons[W0009,W0010]"
801.0,2025-12-01T13:21:00+00:00,retrofit1,capacity_released,319.5,239.59999999999997,195.79999999999995,74.9921752738654,61.283255086071975,-43.8,"batch_2_wagons[W0011,W0012]"
894.5,2025-12-01T14:54:30+00:00,retrofitted1,capacity_reserved,528.0,0.0,123.7,0.0,23.428030303030305,41.1,"batch_2_wagons[W0007,W0008]"
894.5,2025-12-01T14:54:30+00:00,retrofitted1,capacity_reserved,528.0,41.1,123.7,7.78409090909091,23.428030303030305,38.8,"batch_2_wagons[W0009,W0010]"
894.5,2025-12-01T14:54:30+00:00,retrofitted1,capacity_reserved,528.0,79.9,123.7,15.132575757575758,23.428030303030305,43.8,"batch_2_wagons[W0011,W0012]"
899.0,2025-12-01T14:59:00+00:00,collection1,capacity_released,375.0,321.0999999999999,21.699999999999932,85.62666666666664,5.786666666666648,-299.4,"batch_15_wagons[W0023,W0024,W0025,W0026,W0027,W0028,W0029,W0030,W0031,W0032,W0033,W0034,W0035,W0036,W0037]"
899.0,2025-12-01T14:59:00+00:00,retrofit2,capacity_reserved,319.5,0.0,299.4,0.0,93.70892018779342,299.4,"batch_15_wagons[W0023,W0024,W0025,W0026,W0027,W0028,W0029,W0030,W0031,W0032,W0033,W0034,W0035,W0036,W0037]"
899.5,2025-12-01T14:59:30+00:00,retrofit1,capacity_released,319.5,195.79999999999995,154.19999999999996,61.283255086071975,48.26291079812206,-41.599999999999994,"batch_2_wagons[W0013,W0014]"
899.5,2025-12-01T14:59:30+00:00,retrofit1,capacity_released,319.5,154.19999999999996,114.99999999999996,48.26291079812206,35.99374021909232,-39.2,"batch_2_wagons[W0015,W0016]"
899.5,2025-12-01T14:59:30+00:00,retrofit1,capacity_released,319.5,114.99999999999996,70.79999999999995,35.99374021909232,22.159624413145526,-44.2,"batch_2_wagons[W0017,W0018]"
904.0,2025-12-01T15:04:00+00:00,retrofitted1,capacity_released,528.0,123.7,0.0,23.428030303030305,0.0,-123.7,"batch_6_wagons[W0007,W0008,W0009,W0010,W0011,W0012]"
936.0,2025-12-01T15:36:00+00:00,collection1,capacity_reserved,375.0,21.699999999999932,40.59999999999993,5.786666666666648,10.826666666666648,18.9,batch_1_wagons[W0039]
936.0,2025-12-01T15:36:00+00:00,collection1,capacity_reserved,375.0,40.59999999999993,64.69999999999993,10.826666666666648,17.253333333333316,24.1,batch_1_wagons[W0040]
936.0,2025-12-01T15:36:00+00:00,collection1,capacity_reserved,375.0,64.69999999999993,83.39999999999993,17.253333333333316,22.23999999999998,18.7,batch_1_wagons[W0041]
936.0,2025-12-01T15:36:00+00:00,collection1,capacity_reserved,375.0,83.39999999999993,104.69999999999993,22.23999999999998,27.919999999999984,21.3,batch_1_wagons[W0042]
936.0,2025-12-01T15:36:00+00:00,collection1,capacity_reserved,375.0,104.69999999999993,120.29999999999993,27.919999999999984,32.079999999999984,15.6,batch_1_wagons[W0043]
936.0,2025-12-01T15:36:00+00:00,collection1,capacity_reserved,375.0,120.29999999999993,141.99999999999991,32.079999999999984,37.866666666666646,21.7,batch_1_wagons[W0044]
936.0,2025-12-01T15:36:00+00:00,collection1,capacity_reserved,375.0,141.99999999999991,165.6999999999999,37.866666666666646,44.18666666666664,23.7,batch_1_wagons[W0045]
936.0,2025-12-01T15:36:00+00:00,collection1,capacity_reserved,375.0,165.6999999999999,184.99999999999991,44.18666666666664,49.333333333333314,19.3,batch_1_wagons[W0046]
936.0,2025-12-01T15:36:00+00:00,collection1,capacity_reserved,375.0,184.99999999999991,205.1999999999999,49.333333333333314,54.71999999999998,20.2,batch_1_wagons[W0047]
936.0,2025-12-01T15:36:00+00:00,collection1,capacity_reserved,375.0,205.1999999999999,225.1999999999999,54.71999999999998,60.053333333333306,20.0,batch_1_wagons[W0048]
936.0,2025-12-01T15:36:00+00:00,collection1,capacity_reserved,375.0,225.1999999999999,249.0999999999999,60.053333333333306,66.42666666666665,23.9,batch_1_wagons[W0049]
936.0,2025-12-01T15:36:00+00:00,collection1,capacity_reserved,375.0,249.0999999999999,266.7999999999999,66.42666666666665,71.14666666666663,17.7,batch_1_wagons[W0050]
936.0,2025-12-01T15:36:00+00:00,collection1,capacity_reserved,375.0,266.7999999999999,290.6999999999999,71.14666666666663,77.51999999999997,23.9,batch_1_wagons[W0051]
936.0,2025-12-01T15:36:00+00:00,collection1,capacity_reserved,375.0,290.6999999999999,306.09999999999985,77.51999999999997,81.62666666666662,15.4,batch_1_wagons[W0052]
936.0,2025-12-01T15:36:00+00:00,collection1,capacity_reserved,375.0,306.09999999999985,326.1999999999999,81.62666666666662,86.98666666666664,20.1,batch_1_wagons[W0053]
936.0,2025-12-01T15:36:00+00:00,collection1,capacity_reserved,375.0,326.1999999999999,343.89999999999986,86.98666666666664,91.70666666666662,17.7,batch_1_wagons[W0054]
936.0,2025-12-01T15:36:00+00:00,collection1,capacity_reserved,375.0,343.89999999999986,364.89999999999986,91.70666666666662,97.30666666666663,21.0,batch_1_wagons[W0055]
936.0,2025-12-01T15:36:00+00:00,collection2,capacity_reserved,375.0,0.0,20.5,0.0,5.466666666666667,20.5,batch_1_wagons[W0056]
936.0,2025-12-01T15:36:00+00:00,collection2,capacity_reserved,375.0,20.5,43.4,5.466666666666667,11.573333333333332,22.9,batch_1_wagons[W0057]
936.0,2025-12-01T15:36:00+00:00,collection2,capacity_reserved,375.0,43.4,65.7,11.573333333333332,17.52,22.3,batch_1_wagons[W0058]
936.0,2025-12-01T15:36:00+00:00,collection2,capacity_reserved,375.0,65.7,87.80000000000001,17.52,23.413333333333338,22.1,batch_1_wagons[W0059]
936.0,2025-12-01T15:36:00+00:00,collection2,capacity_reserved,375.0,87.80000000000001,106.80000000000001,23.413333333333338,28.480000000000004,19.0,batch_1_wagons[W0060]
936.0,2025-12-01T15:36:00+00:00,collection2,capacity_reserved,375.0,106.80000000000001,127.9,28.480000000000004,34.10666666666667,21.1,batch_1_wagons[W0061]
936.0,2025-12-01T15:36:00+00:00,collection2,capacity_reserved,375.0,127.9,146.5,34.10666666666667,39.06666666666666,18.6,batch_1_wagons[W0063]
936.0,2025-12-01T15:36:00+00:00,collection2,capacity_reserved,375.0,146.5,171.1,39.06666666666666,45.626666666666665,24.6,batch_1_wagons[W0064]
936.0,2025-12-01T15:36:00+00:00,collection2,capacity_reserved,375.0,171.1,189.7,45.626666666666665,50.586666666666666,18.6,batch_1_wagons[W0065]
936.0,2025-12-01T15:36:00+00:00,collection2,capacity_released,375.0,189.7,0.0,50.586666666666666,0.0,-189.7,"batch_9_wagons[W0056,W0057,W0058,W0059,W0060,W0061,W0063,W0064,W0065]"
936.0,2025-12-01T15:36:00+00:00,retrofit1,capacity_reserved,319.5,70.79999999999995,260.5,22.159624413145526,81.53364632237871,189.70000000000002,"batch_9_wagons[W0056,W0057,W0058,W0059,W0060,W0061,W0063,W0064,W0065]"
973.5,2025-12-01T16:13:30+00:00,parking11,capacity_reserved,375.0,0.0,123.7,0.0,32.98666666666667,123.7,"batch_6_wagons[W0007,W0008,W0009,W0010,W0011,W0012]"
993.0,2025-12-01T16:33:00+00:00,retrofitted1,capacity_reserved,528.0,0.0,41.599999999999994,0.0,7.878787878787878,41.599999999999994,"batch_2_wagons[W0013,W0014]"
998.0,2025-12-01T16:38:00+00:00,retrofit1,capacity_released,319.5,260.5,220.0,81.53364632237871,68.85758998435054,-40.5,"batch_2_wagons[W0019,W0020]"
1010.0,2025-12-01T16:50:00+00:00,retrofitted1,capacity_reserved,528.0,41.599999999999994,80.8,7.878787878787878,15.303030303030301,39.2,"batch_2_wagons[W0015,W0016]"
1015.0,2025-12-01T16:55:00+00:00,retrofit1,capacity_released,319.5,220.0,189.7,68.85758998435054,59.37402190923318,-30.299999999999997,"batch_2_wagons[W0021,W0022]"
1045.5,2025-12-01T17:25:30+00:00,retrofitted1,capacity_reserved,528.0,80.8,125.0,15.303030303030301,23.674242424242426,44.2,"batch_2_wagons[W0017,W0018]"
1050.5,2025-12-01T17:30:30+00:00,retrofit2,capacity_released,319.5,299.4,255.39999999999998,93.70892018779342,79.93740219092331,-44.0,"batch_2_wagons[W0023,W0024]"
1055.5,2025-12-01T17:35:30+00:00,retrofitted1,capacity_released,528.0,125.0,44.2,23.674242424242426,8.371212121212123,-80.8,"batch_4_wagons[W0013,W0014,W0015,W0016]"
1108.5,2025-12-01T18:28:30+00:00,retrofitted1,capacity_reserved,528.0,44.2,84.7,8.371212121212123,16.041666666666668,40.5,"batch_2_wagons[W0019,W0020]"
1113.5,2025-12-01T18:33:30+00:00,retrofit2,capacity_released,319.5,255.39999999999998,211.79999999999998,79.93740219092331,66.29107981220656,-43.6,"batch_2_wagons[W0025,W0026]"
1122.0,2025-12-01T18:42:00+00:00,parking12,capacity_reserved,375.0,0.0,80.8,0.0,21.546666666666667,80.8,"batch_4_wagons[W0013,W0014,W0015,W0016]"
1142.5,2025-12-01T19:02:30+00:00,collection1,capacity_released,375.0,364.89999999999986,244.59999999999985,97.30666666666663,65.22666666666662,-120.3,"batch_6_wagons[W0038,W0039,W0040,W0041,W0042,W0043]"
1142.5,2025-12-01T19:02:30+00:00,retrofit1,capacity_reserved,319.5,189.7,310.0,59.37402190923318,97.0266040688576,120.3,"batch_6_wagons[W0038,W0039,W0040,W0041,W0042,W0043]"
1143.0,2025-12-01T19:03:00+00:00,retrofitted1,capacity_reserved,528.0,84.7,115.0,16.041666666666668,21.78030303030303,30.299999999999997,"batch_2_wagons[W0021,W0022]"
1148.0,2025-12-01T19:08:00+00:00,retrofit1,capacity_released,319.5,310.0,266.6,97.0266040688576,83.44287949921754,-43.4,"batch_2_wagons[W0056,W0057]"
1160.5,2025-12-01T19:20:30+00:00,retrofitted1,capacity_reserved,528.0,115.0,159.0,21.78030303030303,30.113636363636363,44.0,"batch_2_wagons[W0023,W0024]"
1165.5,2025-12-01T19:25:30+00:00,retrofit2,capacity_released,319.5,211.79999999999998,181.5,66.29107981220656,56.8075117370892,-30.299999999999997,"batch_2_wagons[W0027,W0028]"
1187.0,2025-12-01T19:47:00+00:00,retrofitted1,capacity_released,528.0,159.0,0.0,30.113636363636363,0.0,-159.0,"batch_8_wagons[W0017,W0018,W0019,W0020,W0021,W0022,W0023,W0024]"
1207.0,2025-12-01T20:07:00+00:00,retrofitted1,capacity_reserved,528.0,0.0,43.6,0.0,8.257575757575758,43.6,"batch_2_wagons[W0025,W0026]"
1212.0,2025-12-01T20:12:00+00:00,retrofit1,capacity_released,319.5,266.6,222.20000000000002,83.44287949921754,69.54616588419405,-44.400000000000006,"batch_2_wagons[W0058,W0059]"
1224.0,2025-12-01T20:24:00+00:00,collection1,capacity_reserved,375.0,244.59999999999985,261.49999999999983,65.22666666666662,69.73333333333329,16.9,batch_1_wagons[W0066]
1224.0,2025-12-01T20:24:00+00:00,collection1,capacity_reserved,375.0,261.49999999999983,286.29999999999984,69.73333333333329,76.34666666666664,24.8,batch_1_wagons[W0067]
1224.0,2025-12-01T20:24:00+00:00,collection1,capacity_reserved,375.0,286.29999999999984,305.09999999999985,76.34666666666664,81.35999999999997,18.8,batch_1_wagons[W0068]
1224.0,2025-12-01T20:24:00+00:00,collection1,capacity_reserved,375.0,305.09999999999985,328.6999999999999,81.35999999999997,87.65333333333331,23.6,batch_1_wagons[W0069]
1224.0,2025-12-01T20:24:00+00:00,collection1,capacity_reserved,375.0,328.6999999999999,344.39999999999986,87.65333333333331,91.83999999999996,15.7,batch_1_wagons[W0070]
1224.0,2025-12-01T20:24:00+00:00,collection1,capacity_reserved,375.0,344.39999999999986,368.4999999999999,91.83999999999996,98.26666666666664,24.1,batch_1_wagons[W0071]
1224.0,2025-12-01T20:24:00+00:00,collection2,capacity_reserved,375.0,0.0,24.4,0.0,6.506666666666666,24.4,batch_1_wagons[W0072]
1224.0,2025-12-01T20:24:00+00:00,collection2,capacity_reserved,375.0,24.4,42.4,6.506666666666666,11.306666666666667,18.0,batch_1_wagons[W0073]
1224.0,2025-12-01T20:24:00+00:00,collection2,capacity_reserved,375.0,42.4,59.8,11.306666666666667,15.946666666666665,17.4,batch_1_wagons[W0074]
1224.0,2025-12-01T20:24:00+00:00,collection2,capacity_reserved,375.0,59.8,83.19999999999999,15.946666666666665,22.186666666666664,23.4,batch_1_wagons[W0075]
1224.0,2025-12-01T20:24:00+00:00,collection2,capacity_reserved,375.0,83.19999999999999,101.6,22.186666666666664,27.09333333333333,18.4,batch_1_wagons[W0077]
1224.0,2025-12-01T20:24:00+00:00,collection2,capacity_reserved,375.0,101.6,117.8,27.09333333333333,31.41333333333333,16.2,batch_1_wagons[W0078]
1224.0,2025-12-01T20:24:00+00:00,collection2,capacity_reserved,375.0,117.8,140.1,31.41333333333333,37.36,22.3,batch_1_wagons[W0079]
1224.0,2025-12-01T20:24:00+00:00,collection2,capacity_reserved,375.0,140.1,45.999999999999986,37.36,12.266666666666664,23.7,batch_1_wagons[W0081]
1224.0,2025-12-01T20:24:00+00:00,collection2,capacity_released,375.0,163.79999999999998,65.6,43.68,17.493333333333332,-117.8,"batch_6_wagons[W0072,W0073,W0074,W0075,W0077,W0078]"
1224.0,2025-12-01T20:24:00+00:00,collection2,capacity_reserved,375.0,45.999999999999986,65.6,12.266666666666664,17.493333333333332,19.6,batch_1_wagons[W0082]
1224.0,2025-12-01T20:24:00+00:00,retrofit2,capacity_reserved,319.5,181.5,299.3,56.8075117370892,93.67762128325509,117.8,"batch_6_wagons[W0072,W0073,W0074,W0075,W0077,W0078]"
1224.0,2025-12-01T20:24:00+00:00,collection2,capacity_reserved,375.0,65.6,83.8,17.493333333333332,22.346666666666664,18.2,batch_1_wagons[W0083]
1224.0,2025-12-01T20:24:00+00:00,collection2,capacity_reserved,375.0,83.8,105.69999999999999,22.346666666666664,28.186666666666664,21.9,batch_1_wagons[W0084]
1224.0,2025-12-01T20:24:00+00:00,collection2,capacity_reserved,375.0,105.69999999999999,123.6,28.186666666666664,32.96,17.9,batch_1_wagons[W0085]
1224.0,2025-12-01T20:24:00+00:00,collection2,capacity_reserved,375.0,123.6,142.79999999999998,32.96,38.08,19.2,batch_1_wagons[W0086]
1224.0,2025-12-01T20:24:00+00:00,collection2,capacity_reserved,375.0,142.79999999999998,164.49999999999997,38.08,43.86666666666666,21.7,batch_1_wagons[W0087]
1224.0,2025-12-01T20:24:00+00:00,collection2,capacity_reserved,375.0,164.49999999999997,182.19999999999996,43.86666666666666,48.58666666666666,17.7,batch_1_wagons[W0088]
1224.0,2025-12-01T20:24:00+00:00,collection2,capacity_reserved,375.0,182.19999999999996,200.19999999999996,48.58666666666666,53.38666666666666,18.0,batch_1_wagons[W0089]
1224.0,2025-12-01T20:24:00+00:00,collection2,capacity_reserved,375.0,200.19999999999996,217.99999999999997,53.38666666666666,58.133333333333326,17.8,batch_1_wagons[W0090]
1224.0,2025-12-01T20:24:00+00:00,collection2,capacity_reserved,375.0,217.99999999999997,237.39999999999998,58.133333333333326,63.30666666666666,19.4,batch_1_wagons[W0091]
1224.0,2025-12-01T20:24:00+00:00,collection2,capacity_reserved,375.0,237.39999999999998,257.59999999999997,63.30666666666666,68.69333333333333,20.2,batch_1_wagons[W0092]
1224.0,2025-12-01T20:24:00+00:00,collection2,capacity_reserved,375.0,257.59999999999997,273.2,68.69333333333333,72.85333333333332,15.6,batch_1_wagons[W0094]
1224.0,2025-12-01T20:24:00+00:00,collection2,capacity_reserved,375.0,273.2,293.4,72.85333333333332,78.24,20.2,batch_1_wagons[W0095]
1250.0,2025-12-01T20:50:00+00:00,retrofitted1,capacity_reserved,528.0,43.6,87.0,8.257575757575758,16.477272727272727,43.4,"batch_2_wagons[W0056,W0057]"
1255.0,2025-12-01T20:55:00+00:00,retrofit2,capacity_released,319.5,299.3,258.7,93.67762128325509,80.97026604068857,-40.6,"batch_2_wagons[W0029,W0030]"
1259.5,2025-12-01T20:59:30+00:00,parking13,capacity_reserved,375.0,0.0,159.0,0.0,42.4,159.0,"batch_8_wagons[W0017,W0018,W0019,W0020,W0021,W0022,W0023,W0024]"
1267.0,2025-12-01T21:07:00+00:00,retrofitted1,capacity_reserved,528.0,87.0,117.3,16.477272727272727,22.215909090909093,30.299999999999997,"batch_2_wagons[W0027,W0028]"
1272.0,2025-12-01T21:12:00+00:00,retrofit1,capacity_released,319.5,222.20000000000002,182.10000000000002,69.54616588419405,56.995305164319255,-40.1,"batch_2_wagons[W0060,W0061]"
1313.5,2025-12-01T21:53:30+00:00,collection1,capacity_released,375.0,368.4999999999999,239.69999999999987,98.26666666666664,63.919999999999966,-128.8,"batch_6_wagons[W0044,W0045,W0046,W0047,W0048,W0049]"
1313.5,2025-12-01T21:53:30+00:00,retrofit1,capacity_reserved,319.5,182.10000000000002,310.90000000000003,56.995305164319255,97.30829420970267,128.8,"batch_6_wagons[W0044,W0045,W0046,W0047,W0048,W0049]"
1325.5,2025-12-01T22:05:30+00:00,retrofitted1,capacity_reserved,528.0,117.3,161.7,22.215909090909093,30.624999999999996,44.400000000000006,"batch_2_wagons[W0058,W0059]"
1329.0,2025-12-01T22:09:00+00:00,retrofitted1,capacity_released,528.0,161.7,44.39999999999999,30.624999999999996,8.409090909090908,-117.3,"batch_6_wagons[W0025,W0026,W0056,W0057,W0027,W0028]"
1330.5,2025-12-01T22:10:30+00:00,retrofit2,capacity_released,319.5,258.7,212.6,80.97026604068857,66.5414710485133,-46.1,"batch_2_wagons[W0031,W0032]"
1368.5,2025-12-01T22:48:30+00:00,retrofitted1,capacity_reserved,528.0,44.39999999999999,85.0,8.409090909090908,16.098484848484848,40.6,"batch_2_wagons[W0029,W0030]"
1373.5,2025-12-01T22:53:30+00:00,retrofit1,capacity_released,319.5,310.90000000000003,267.70000000000005,97.30829420970267,83.7871674491393,-43.2,"batch_2_wagons[W0063,W0064]"
1395.0,2025-12-01T23:15:00+00:00,collection2,capacity_released,375.0,293.4,187.7,78.24,50.05333333333333,-105.7,"batch_5_wagons[W0079,W0081,W0082,W0083,W0084]"
1395.0,2025-12-01T23:15:00+00:00,retrofit2,capacity_reserved,319.5,212.6,318.3,66.5414710485133,99.62441314553992,105.7,"batch_5_wagons[W0079,W0081,W0082,W0083,W0084]"
1398.5,2025-12-01T23:18:30+00:00,parking14,capacity_reserved,375.0,0.0,117.3,0.0,31.279999999999998,117.3,"batch_6_wagons[W0025,W0026,W0056,W0057,W0027,W0028]"
1407.0,2025-12-01T23:27:00+00:00,retrofitted1,capacity_reserved,528.0,85.0,125.1,16.098484848484848,23.693181818181817,40.1,"batch_2_wagons[W0060,W0061]"
1412.0,2025-12-01T23:32:00+00:00,retrofit2,capacity_released,319.5,318.3,272.90000000000003,99.62441314553992,85.41471048513303,-45.4,"batch_2_wagons[W0033,W0034]"
1424.0,2025-12-01T23:44:00+00:00,retrofitted1,capacity_reserved,528.0,125.1,171.2,23.693181818181817,32.42424242424242,46.1,"batch_2_wagons[W0031,W0032]"
1429.0,2025-12-01T23:49:00+00:00,retrofit1,capacity_released,319.5,267.70000000000005,227.40000000000003,83.7871674491393,71.1737089201878,-40.3,"batch_2_wagons[W0065,W0038]"
1470.5,2025-12-02T00:30:30+00:00,retrofitted1,capacity_reserved,528.0,171.2,214.39999999999998,32.42424242424242,40.6060606060606,43.2,"batch_2_wagons[W0063,W0064]"
1475.5,2025-12-02T00:35:30+00:00,retrofit2,capacity_released,319.5,272.90000000000003,239.10000000000002,85.41471048513303,74.83568075117371,-33.8,"batch_2_wagons[W0035,W0036]"
1480.5,2025-12-02T00:40:30+00:00,retrofitted1,capacity_released,528.0,214.39999999999998,43.19999999999996,40.6060606060606,8.181818181818175,-171.20000000000002,"batch_8_wagons[W0058,W0059,W0029,W0030,W0060,W0061,W0031,W0032]"
1490.5,2025-12-02T00:50:30+00:00,collection1,capacity_released,375.0,239.69999999999987,162.59999999999988,63.919999999999966,43.35999999999997,-77.1,"batch_4_wagons[W0050,W0051,W0052,W0053]"
1490.5,2025-12-02T00:50:30+00:00,retrofit1,capacity_reserved,319.5,227.40000000000003,304.5,71.1737089201878,95.30516431924883,77.1,"batch_4_wagons[W0050,W0051,W0052,W0053]"
1512.0,2025-12-02T01:12:00+00:00,collection1,capacity_reserved,375.0,162.59999999999988,179.9999999999999,43.35999999999997,47.99999999999997,17.4,batch_1_wagons[W0097]
1512.0,2025-12-02T01:12:00+00:00,collection1,capacity_reserved,375.0,179.9999999999999,199.09999999999988,47.99999999999997,53.093333333333305,19.1,batch_1_wagons[W0099]
1512.0,2025-12-02T01:12:00+00:00,collection1,capacity_reserved,375.0,199.09999999999988,214.4999999999999,53.093333333333305,57.199999999999974,15.4,batch_1_wagons[W0100]
1512.0,2025-12-02T01:12:00+00:00,collection1,capacity_reserved,375.0,214.4999999999999,236.4999999999999,57.199999999999974,63.066666666666634,22.0,batch_1_wagons[W0101]
1512.0,2025-12-02T01:12:00+00:00,collection1,capacity_reserved,375.0,236.4999999999999,252.59999999999988,63.066666666666634,67.35999999999997,16.1,batch_1_wagons[W0102]
1512.0,2025-12-02T01:12:00+00:00,collection1,capacity_reserved,375.0,252.59999999999988,272.7999999999999,67.35999999999997,72.74666666666664,20.2,batch_1_wagons[W0103]
1512.0,2025-12-02T01:12:00+00:00,collection1,capacity_reserved,375.0,272.7999999999999,292.4999999999999,72.74666666666664,77.99999999999997,19.7,batch_1_wagons[W0104]
1522.5,2025-12-02T01:22:30+00:00,retrofitted1,capacity_reserved,528.0,43.19999999999996,88.59999999999997,8.181818181818175,16.780303030303024,45.4,"batch_2_wagons[W0033,W0034]"
1527.5,2025-12-02T01:27:30+00:00,retrofit1,capacity_released,319.5,304.5,261.5,95.30516431924883,81.84663536776213,-43.0,"batch_2_wagons[W0039,W0040]"
1553.0,2025-12-02T01:53:00+00:00,parking15,capacity_reserved,375.0,0.0,171.20000000000002,0.0,45.65333333333334,171.20000000000002,"batch_8_wagons[W0058,W0059,W0029,W0030,W0060,W0061,W0031,W0032]"
1562.5,2025-12-02T02:02:30+00:00,collection2,capacity_released,375.0,187.7,111.19999999999999,50.05333333333333,29.653333333333332,-76.5,"batch_4_wagons[W0085,W0086,W0087,W0088]"
1562.5,2025-12-02T02:02:30+00:00,retrofit2,capacity_reserved,319.5,239.10000000000002,315.6,74.83568075117371,98.7793427230047,76.5,"batch_4_wagons[W0085,W0086,W0087,W0088]"
1565.5,2025-12-02T02:05:30+00:00,retrofitted1,capacity_reserved,528.0,88.59999999999997,128.89999999999998,16.780303030303024,24.412878787878782,40.3,"batch_2_wagons[W0065,W0038]"
1570.5,2025-12-02T02:10:30+00:00,retrofit2,capacity_released,319.5,315.6,275.6,98.7793427230047,86.25978090766824,-40.0,"batch_2_wagons[W0037,W0072]"
1574.5,2025-12-02T02:14:30+00:00,retrofitted1,capacity_reserved,528.0,128.89999999999998,162.7,24.412878787878782,30.814393939393938,33.8,"batch_2_wagons[W0035,W0036]"
1579.5,2025-12-02T02:19:30+00:00,retrofit1,capacity_released,319.5,261.5,221.5,81.84663536776213,69.32707355242567,-40.0,"batch_2_wagons[W0041,W0042]"
1625.0,2025-12-02T03:05:00+00:00,retrofitted1,capacity_reserved,528.0,162.7,205.7,30.814393939393938,38.958333333333336,43.0,"batch_2_wagons[W0039,W0040]"
1630.0,2025-12-02T03:10:00+00:00,retrofit2,capacity_released,319.5,275.6,240.20000000000002,86.25978090766824,75.17996870109546,-35.4,"batch_2_wagons[W0073,W0074]"
1635.0,2025-12-02T03:15:00+00:00,retrofitted1,capacity_released,528.0,205.7,43.0,38.958333333333336,8.143939393939394,-162.7,"batch_8_wagons[W0063,W0064,W0033,W0034,W0065,W0038,W0035,W0036]"
1645.5,2025-12-02T03:25:30+00:00,collection1,capacity_released,375.0,292.4999999999999,212.09999999999988,77.99999999999997,56.55999999999997,-80.4,"batch_4_wagons[W0054,W0055,W0066,W0067]"
1645.5,2025-12-02T03:25:30+00:00,retrofit1,capacity_reserved,319.5,221.5,301.9,69.32707355242567,94.49139280125195,80.4,"batch_4_wagons[W0054,W0055,W0066,W0067]"
1673.0,2025-12-02T03:53:00+00:00,retrofitted1,capacity_reserved,528.0,43.0,83.0,8.143939393939394,15.719696969696969,40.0,"batch_2_wagons[W0037,W0072]"
1678.0,2025-12-02T03:58:00+00:00,retrofit1,capacity_released,319.5,301.9,264.59999999999997,94.49139280125195,82.81690140845069,-37.3,"batch_2_wagons[W0043,W0044]"
1707.5,2025-12-02T04:27:30+00:00,parking10,capacity_reserved,450.0,110.9,273.6,24.644444444444446,60.80000000000001,162.7,"batch_8_wagons[W0063,W0064,W0033,W0034,W0065,W0038,W0035,W0036]"
1716.0,2025-12-02T04:36:00+00:00,retrofitted1,capacity_reserved,528.0,83.0,123.0,15.719696969696969,23.295454545454543,40.0,"batch_2_wagons[W0041,W0042]"
1721.0,2025-12-02T04:41:00+00:00,retrofit2,capacity_released,319.5,240.20000000000002,198.40000000000003,75.17996870109546,62.09702660406887,-41.8,"batch_2_wagons[W0075,W0077]"
1725.5,2025-12-02T04:45:30+00:00,collection2,capacity_released,375.0,111.19999999999999,0.0,29.653333333333332,0.0,-111.19999999999999,"batch_6_wagons[W0089,W0090,W0091,W0092,W0094,W0095]"
1725.5,2025-12-02T04:45:30+00:00,retrofit2,capacity_reserved,319.5,198.40000000000003,309.6,62.09702660406887,96.90140845070422,111.2,"batch_6_wagons[W0089,W0090,W0091,W0092,W0094,W0095]"
1733.0,2025-12-02T04:53:00+00:00,retrofitted1,capacity_reserved,528.0,123.0,158.4,23.295454545454543,30.0,35.4,"batch_2_wagons[W0073,W0074]"
1738.0,2025-12-02T04:58:00+00:00,retrofit1,capacity_released,319.5,264.59999999999997,221.59999999999997,82.81690140845069,69.35837245696399,-43.0,"batch_2_wagons[W0045,W0046]"
1779.5,2025-12-02T05:39:30+00:00,retrofitted1,capacity_reserved,528.0,158.4,195.7,30.0,37.06439393939394,37.3,"batch_2_wagons[W0043,W0044]"
1782.5,2025-12-02T05:42:30+00:00,retrofitted1,capacity_released,528.0,195.7,37.29999999999998,37.06439393939394,7.064393939393936,-158.4,"batch_8_wagons[W0039,W0040,W0037,W0072,W0041,W0042,W0073,W0074]"
1784.5,2025-12-02T05:44:30+00:00,retrofit2,capacity_released,319.5,309.6,271.1,96.90140845070422,84.85133020344288,-38.5,"batch_2_wagons[W0078,W0079]"
1800.0,2025-12-02T06:00:00+00:00,collection1,capacity_reserved,375.0,212.09999999999988,236.29999999999987,56.55999999999997,63.0133333333333,24.2,batch_1_wagons[W0105]
1800.0,2025-12-02T06:00:00+00:00,parking9,capacity_reserved,300.0,0.0,158.4,0.0,52.800000000000004,158.4,"batch_8_wagons[W0039,W0040,W0037,W0072,W0041,W0042,W0073,W0074]"
1800.0,2025-12-02T06:00:00+00:00,collection1,capacity_reserved,375.0,236.29999999999987,255.19999999999987,63.0133333333333,68.0533333333333,18.9,batch_1_wagons[W0106]
1800.0,2025-12-02T06:00:00+00:00,collection1,capacity_reserved,375.0,255.19999999999987,273.09999999999985,68.0533333333333,72.82666666666663,17.9,batch_1_wagons[W0107]
1800.0,2025-12-02T06:00:00+00:00,collection1,capacity_reserved,375.0,273.09999999999985,289.39999999999986,72.82666666666663,77.17333333333329,16.3,batch_1_wagons[W0108]
1800.0,2025-12-02T06:00:00+00:00,collection1,capacity_reserved,375.0,289.39999999999986,309.89999999999986,77.17333333333329,82.63999999999997,20.5,batch_1_wagons[W0109]
1800.0,2025-12-02T06:00:00+00:00,collection1,capacity_reserved,375.0,309.89999999999986,330.09999999999985,82.63999999999997,88.02666666666663,20.2,batch_1_wagons[W0110]
1800.0,2025-12-02T06:00:00+00:00,collection1,capacity_reserved,375.0,330.09999999999985,347.1999999999999,88.02666666666663,92.58666666666663,17.1,batch_1_wagons[W0111]
1800.0,2025-12-02T06:00:00+00:00,collection1,capacity_reserved,375.0,347.1999999999999,367.2999999999999,92.58666666666663,97.94666666666664,20.1,batch_1_wagons[W0112]
1800.0,2025-12-02T06:00:00+00:00,collection2,capacity_reserved,375.0,0.0,16.8,0.0,4.4799999999999995,16.8,batch_1_wagons[W0114]
1800.0,2025-12-02T06:00:00+00:00,collection2,capacity_reserved,375.0,16.8,33.2,4.4799999999999995,8.853333333333333,16.4,batch_1_wagons[W0115]
1800.0,2025-12-02T06:00:00+00:00,collection2,capacity_reserved,375.0,33.2,56.1,8.853333333333333,14.96,22.9,batch_1_wagons[W0116]
1800.0,2025-12-02T06:00:00+00:00,collection2,capacity_reserved,375.0,56.1,71.4,14.96,19.040000000000003,15.3,batch_1_wagons[W0117]
1800.0,2025-12-02T06:00:00+00:00,collection2,capacity_reserved,375.0,71.4,91.0,19.040000000000003,24.266666666666666,19.6,batch_1_wagons[W0118]
1800.0,2025-12-02T06:00:00+00:00,collection2,capacity_reserved,375.0,91.0,110.6,24.266666666666666,29.493333333333332,19.6,batch_1_wagons[W0120]
1800.0,2025-12-02T06:00:00+00:00,collection2,capacity_reserved,375.0,110.6,132.29999999999998,29.493333333333332,35.279999999999994,21.7,batch_1_wagons[W0121]
1800.0,2025-12-02T06:00:00+00:00,collection2,capacity_reserved,375.0,132.29999999999998,156.89999999999998,35.279999999999994,41.839999999999996,24.6,batch_1_wagons[W0122]
1800.0,2025-12-02T06:00:00+00:00,collection2,capacity_reserved,375.0,156.89999999999998,174.29999999999998,41.839999999999996,46.48,17.4,batch_1_wagons[W0123]
1800.0,2025-12-02T06:00:00+00:00,collection2,capacity_reserved,375.0,174.29999999999998,195.99999999999997,46.48,52.26666666666666,21.7,batch_1_wagons[W0124]
1800.0,2025-12-02T06:00:00+00:00,collection2,capacity_reserved,375.0,195.99999999999997,213.89999999999998,52.26666666666666,57.03999999999999,17.9,batch_1_wagons[W0125]
1800.5,2025-12-02T06:00:30+00:00,collection1,capacity_released,375.0,367.2999999999999,285.0999999999999,97.94666666666664,76.02666666666664,-82.2,"batch_4_wagons[W0068,W0069,W0070,W0071]"
1800.5,2025-12-02T06:00:30+00:00,retrofit1,capacity_reserved,319.5,221.59999999999997,303.79999999999995,69.35837245696399,95.08607198748042,82.2,"batch_4_wagons[W0068,W0069,W0070,W0071]"
1810.0,2025-12-02T06:10:00+00:00,retrofitted1,capacity_released,528.0,37.29999999999998,0.0,7.064393939393936,0.0,-37.29999999999998,"batch_2_wagons[W0043,W0044]"
1822.5,2025-12-02T06:22:30+00:00,retrofitted1,capacity_reserved,528.0,0.0,41.8,0.0,7.916666666666666,41.8,"batch_2_wagons[W0075,W0077]"
1827.5,2025-12-02T06:27:30+00:00,retrofit1,capacity_released,319.5,303.79999999999995,263.59999999999997,95.08607198748042,82.50391236306727,-40.2,"batch_2_wagons[W0047,W0048]"
1865.5,2025-12-02T07:05:30+00:00,retrofitted1,capacity_reserved,528.0,41.8,84.8,7.916666666666666,16.060606060606062,43.0,"batch_2_wagons[W0045,W0046]"
1870.5,2025-12-02T07:10:30+00:00,retrofit2,capacity_released,319.5,271.1,227.8,84.85133020344288,71.29890453834116,-43.3,"batch_2_wagons[W0081,W0082]"
1873.5,2025-12-02T07:13:30+00:00,parking12,capacity_reserved,375.0,80.8,118.1,21.546666666666667,31.493333333333336,37.3,"batch_2_wagons[W0043,W0044]"
1882.5,2025-12-02T07:22:30+00:00,retrofitted1,capacity_reserved,528.0,84.8,123.3,16.060606060606062,23.352272727272727,38.5,"batch_2_wagons[W0078,W0079]"
1887.5,2025-12-02T07:27:30+00:00,retrofit1,capacity_released,319.5,263.59999999999997,221.99999999999997,82.50391236306727,69.48356807511736,-41.599999999999994,"batch_2_wagons[W0049,W0050]"
1909.0,2025-12-02T07:49:00+00:00,collection2,capacity_released,375.0,213.89999999999998,122.89999999999998,57.03999999999999,32.773333333333326,-91.0,"batch_5_wagons[W0114,W0115,W0116,W0117,W0118]"
1909.0,2025-12-02T07:49:00+00:00,retrofit1,capacity_reserved,319.5,221.99999999999997,313.0,69.48356807511736,97.96557120500783,91.0,"batch_5_wagons[W0114,W0115,W0116,W0117,W0118]"
1925.5,2025-12-02T08:05:30+00:00,retrofitted1,capacity_reserved,528.0,123.3,163.5,23.352272727272727,30.96590909090909,40.2,"batch_2_wagons[W0047,W0048]"
1930.5,2025-12-02T08:10:30+00:00,retrofit2,capacity_released,319.5,227.8,187.70000000000002,71.29890453834116,58.74804381846636,-40.099999999999994,"batch_2_wagons[W0083,W0084]"
1940.0,2025-12-02T08:20:00+00:00,retrofitted1,capacity_released,528.0,163.5,0.0,30.96590909090909,0.0,-163.5,"batch_8_wagons[W0075,W0077,W0045,W0046,W0078,W0079,W0047,W0048]"
1955.5,2025-12-02T08:35:30+00:00,collection1,capacity_released,375.0,285.0999999999999,155.1999999999999,76.02666666666664,41.38666666666664,-129.9,"batch_7_wagons[W0097,W0099,W0100,W0101,W0102,W0103,W0104]"
1955.5,2025-12-02T08:35:30+00:00,retrofit2,capacity_reserved,319.5,187.70000000000002,317.6,58.74804381846636,99.40532081377152,129.9,"batch_7_wagons[W0097,W0099,W0100,W0101,W0102,W0103,W0104]"
1981.0,2025-12-02T09:01:00+00:00,retrofitted1,capacity_reserved,528.0,0.0,43.3,0.0,8.200757575757574,43.3,"batch_2_wagons[W0081,W0082]"
1986.0,2025-12-02T09:06:00+00:00,retrofit1,capacity_released,319.5,313.0,273.7,97.96557120500783,85.66510172143975,-39.3,"batch_2_wagons[W0051,W0052]"
2012.5,2025-12-02T09:32:30+00:00,parking14,capacity_reserved,375.0,117.3,280.8,31.279999999999998,74.88,163.5,"batch_8_wagons[W0075,W0077,W0045,W0046,W0078,W0079,W0047,W0048]"
2024.0,2025-12-02T09:44:00+00:00,retrofitted1,capacity_reserved,528.0,43.3,84.89999999999999,8.200757575757574,16.079545454545453,41.599999999999994,"batch_2_wagons[W0049,W0050]"
2029.0,2025-12-02T09:49:00+00:00,retrofit2,capacity_released,319.5,317.6,280.5,99.40532081377152,87.79342723004694,-37.099999999999994,"batch_2_wagons[W0085,W0086]"
2041.0,2025-12-02T10:01:00+00:00,retrofitted1,capacity_reserved,528.0,84.89999999999999,124.99999999999999,16.079545454545453,23.674242424242422,40.099999999999994,"batch_2_wagons[W0083,W0084]"
2046.0,2025-12-02T10:06:00+00:00,retrofit1,capacity_released,319.5,273.7,235.89999999999998,85.66510172143975,73.8341158059468,-37.8,"batch_2_wagons[W0053,W0054]"
2084.5,2025-12-02T10:44:30+00:00,retrofitted1,capacity_reserved,528.0,124.99999999999999,164.29999999999998,23.674242424242422,31.117424242424242,39.3,"batch_2_wagons[W0051,W0052]"
2088.0,2025-12-02T10:48:00+00:00,collection1,capacity_reserved,375.0,155.1999999999999,178.2999999999999,41.38666666666664,47.54666666666664,23.1,batch_1_wagons[W0126]
2088.0,2025-12-02T10:48:00+00:00,collection1,capacity_reserved,375.0,178.2999999999999,194.3999999999999,47.54666666666664,51.839999999999975,16.1,batch_1_wagons[W0127]
2088.0,2025-12-02T10:48:00+00:00,collection1,capacity_reserved,375.0,194.3999999999999,218.59999999999988,51.839999999999975,58.293333333333294,24.2,batch_1_wagons[W0129]
2088.0,2025-12-02T10:48:00+00:00,collection1,capacity_reserved,375.0,218.59999999999988,239.8999999999999,58.293333333333294,63.9733333333333,21.3,batch_1_wagons[W0130]
2088.0,2025-12-02T10:48:00+00:00,collection1,capacity_reserved,375.0,239.8999999999999,260.89999999999986,63.9733333333333,69.5733333333333,21.0,batch_1_wagons[W0131]
2088.0,2025-12-02T10:48:00+00:00,collection1,capacity_reserved,375.0,260.89999999999986,282.79999999999984,69.5733333333333,75.41333333333328,21.9,batch_1_wagons[W0132]
2088.0,2025-12-02T10:48:00+00:00,collection1,capacity_reserved,375.0,282.79999999999984,302.89999999999986,75.41333333333328,80.7733333333333,20.1,batch_1_wagons[W0133]
2088.0,2025-12-02T10:48:00+00:00,collection1,capacity_reserved,375.0,302.89999999999986,318.6999999999999,80.7733333333333,84.98666666666664,15.8,batch_1_wagons[W0134]
2088.0,2025-12-02T10:48:00+00:00,collection1,capacity_reserved,375.0,318.6999999999999,338.09999999999985,84.98666666666664,90.15999999999997,19.4,batch_1_wagons[W0135]
2088.0,2025-12-02T10:48:00+00:00,collection1,capacity_reserved,375.0,338.09999999999985,357.09999999999985,90.15999999999997,95.22666666666663,19.0,batch_1_wagons[W0136]
2088.0,2025-12-02T10:48:00+00:00,collection1,capacity_reserved,375.0,357.09999999999985,374.1999999999999,95.22666666666663,99.78666666666663,17.1,batch_1_wagons[W0137]
2088.0,2025-12-02T10:48:00+00:00,collection2,capacity_reserved,375.0,122.89999999999998,145.7,32.773333333333326,38.85333333333333,22.8,batch_1_wagons[W0138]
2088.0,2025-12-02T10:48:00+00:00,collection2,capacity_reserved,375.0,145.7,164.6,38.85333333333333,43.89333333333333,18.9,batch_1_wagons[W0139]
2088.0,2025-12-02T10:48:00+00:00,collection2,capacity_reserved,375.0,164.6,187.2,43.89333333333333,49.919999999999995,22.6,batch_1_wagons[W0140]
2088.0,2025-12-02T10:48:00+00:00,collection2,capacity_reserved,375.0,187.2,205.89999999999998,49.919999999999995,54.90666666666666,18.7,batch_1_wagons[W0141]
2088.0,2025-12-02T10:48:00+00:00,collection2,capacity_reserved,375.0,205.89999999999998,230.89999999999998,54.90666666666666,61.57333333333332,25.0,batch_1_wagons[W0142]
2088.0,2025-12-02T10:48:00+00:00,collection2,capacity_reserved,375.0,230.89999999999998,247.09999999999997,61.57333333333332,65.89333333333333,16.2,batch_1_wagons[W0143]
2088.0,2025-12-02T10:48:00+00:00,collection2,capacity_reserved,375.0,247.09999999999997,263.4,65.89333333333333,70.24,16.3,batch_1_wagons[W0145]
2088.0,2025-12-02T10:48:00+00:00,collection2,capacity_reserved,375.0,263.4,284.59999999999997,70.24,75.89333333333332,21.2,batch_1_wagons[W0146]
2088.0,2025-12-02T10:48:00+00:00,collection2,capacity_reserved,375.0,284.59999999999997,309.4,75.89333333333332,82.50666666666666,24.8,batch_1_wagons[W0147]
2088.0,2025-12-02T10:48:00+00:00,collection2,capacity_reserved,375.0,309.4,332.4,82.50666666666666,88.64,23.0,batch_1_wagons[W0148]
2088.0,2025-12-02T10:48:00+00:00,collection2,capacity_reserved,375.0,332.4,357.0,88.64,95.19999999999999,24.6,batch_1_wagons[W0149]
2088.0,2025-12-02T10:48:00+00:00,collection3,capacity_reserved,375.0,0.0,23.4,0.0,6.239999999999999,23.4,batch_1_wagons[W0150]
2088.0,2025-12-02T10:48:00+00:00,collection3,capacity_reserved,375.0,23.4,46.8,6.239999999999999,12.479999999999999,23.4,batch_1_wagons[W0151]
2088.0,2025-12-02T10:48:00+00:00,collection3,capacity_reserved,375.0,46.8,70.0,12.479999999999999,18.666666666666668,23.2,batch_1_wagons[W0152]
2088.0,2025-12-02T10:48:00+00:00,collection2,capacity_reserved,375.0,357.0,372.0,95.19999999999999,99.2,15.0,batch_1_wagons[W0153]
2088.0,2025-12-02T10:48:00+00:00,collection3,capacity_released,375.0,70.0,0.0,18.666666666666668,0.0,-70.0,"batch_3_wagons[W0150,W0151,W0152]"
2088.0,2025-12-02T10:48:00+00:00,retrofit1,capacity_reserved,319.5,235.89999999999998,305.9,73.8341158059468,95.74334898278559,70.0,"batch_3_wagons[W0150,W0151,W0152]"
2089.5,2025-12-02T10:49:30+00:00,retrofit2,capacity_released,319.5,280.5,241.1,87.79342723004694,75.46165884194053,-39.4,"batch_2_wagons[W0087,W0088]"
2093.5,2025-12-02T10:53:30+00:00,collection2,capacity_released,375.0,372.0,306.1,99.2,81.62666666666667,-65.9,"batch_3_wagons[W0120,W0121,W0122]"
2093.5,2025-12-02T10:53:30+00:00,retrofit2,capacity_reserved,319.5,241.1,307.0,75.46165884194053,96.08763693270735,65.9,"batch_3_wagons[W0120,W0121,W0122]"
2094.5,2025-12-02T10:54:30+00:00,retrofitted1,capacity_released,528.0,164.29999999999998,39.29999999999998,31.117424242424242,7.443181818181816,-125.0,"batch_6_wagons[W0081,W0082,W0049,W0050,W0083,W0084]"
2134.5,2025-12-02T11:34:30+00:00,collection1,capacity_released,375.0,374.1999999999999,349.9999999999999,99.78666666666663,93.3333333333333,-24.2,batch_1_wagons[W0105]
2134.5,2025-12-02T11:34:30+00:00,retrofit1,capacity_reserve_blocked,319.5,305.9,305.9,95.74334898278559,95.74334898278559,24.2,batch_1_wagons_WAITING[W0105]
2146.5,2025-12-02T11:46:30+00:00,retrofitted1,capacity_reserved,528.0,39.29999999999998,76.39999999999998,7.443181818181816,14.469696969696965,37.099999999999994,"batch_2_wagons[W0085,W0086]"
2151.5,2025-12-02T11:51:30+00:00,retrofit1,capacity_released,319.5,305.9,292.2,95.74334898278559,91.45539906103286,-37.9,"batch_2_wagons[W0055,W0066]"
2151.5,2025-12-02T11:51:30+00:00,retrofit1,capacity_reserved,319.5,268.0,292.2,83.8810641627543,91.45539906103286,24.2,batch_1_wagons[W0105]
2164.0,2025-12-02T12:04:00+00:00,parking12,capacity_reserved,375.0,118.1,243.1,31.493333333333336,64.82666666666667,125.0,"batch_6_wagons[W0081,W0082,W0049,W0050,W0083,W0084]"
2236.0,2025-12-02T13:16:00+00:00,retrofitted1,capacity_reserved,528.0,76.39999999999998,114.19999999999997,14.469696969696965,21.628787878787875,37.8,"batch_2_wagons[W0053,W0054]"
2241.0,2025-12-02T13:21:00+00:00,retrofit2,capacity_released,319.5,307.0,271.2,96.08763693270735,84.88262910798122,-35.8,"batch_2_wagons[W0089,W0090]"
2246.0,2025-12-02T13:26:00+00:00,retrofitted1,capacity_released,528.0,114.19999999999997,37.79999999999998,21.628787878787875,7.159090909090906,-76.39999999999999,"batch_4_wagons[W0051,W0052,W0085,W0086]"
2252.5,2025-12-02T13:32:30+00:00,retrofitted1,capacity_reserved,528.0,37.79999999999998,77.19999999999999,7.159090909090906,14.621212121212118,39.4,"batch_2_wagons[W0087,W0088]"
2257.5,2025-12-02T13:37:30+00:00,retrofit1,capacity_released,319.5,292.2,248.6,91.45539906103286,77.80907668231612,-43.6,"batch_2_wagons[W0067,W0068]"
2269.5,2025-12-02T13:49:30+00:00,retrofitted1,capacity_reserved,528.0,77.19999999999999,115.1,14.621212121212118,21.799242424242422,37.9,"batch_2_wagons[W0055,W0066]"
2271.0,2025-12-02T13:51:00+00:00,collection2,capacity_released,375.0,306.1,249.10000000000002,81.62666666666667,66.42666666666666,-57.0,"batch_3_wagons[W0123,W0124,W0125]"
2271.0,2025-12-02T13:51:00+00:00,retrofit1,capacity_reserved,319.5,248.6,305.6,77.80907668231612,95.64945226917058,57.0,"batch_3_wagons[W0123,W0124,W0125]"
2274.5,2025-12-02T13:54:30+00:00,retrofit2,capacity_released,319.5,271.2,231.6,84.88262910798122,72.48826291079811,-39.599999999999994,"batch_2_wagons[W0091,W0092]"
2308.5,2025-12-02T14:28:30+00:00,collection1,capacity_released,375.0,349.9999999999999,276.39999999999986,93.3333333333333,73.70666666666664,-73.6,"batch_4_wagons[W0106,W0107,W0108,W0109]"
2308.5,2025-12-02T14:28:30+00:00,retrofit2,capacity_reserved,319.5,231.6,305.2,72.48826291079811,95.52425665101721,73.6,"batch_4_wagons[W0106,W0107,W0108,W0109]"
2312.5,2025-12-02T14:32:30+00:00,parking11,capacity_reserved,375.0,123.7,200.1,32.98666666666667,53.36,76.39999999999999,"batch_4_wagons[W0051,W0052,W0085,W0086]"
2364.5,2025-12-02T15:24:30+00:00,retrofitted1,capacity_reserved,528.0,115.1,150.89999999999998,21.799242424242422,28.579545454545453,35.8,"batch_2_wagons[W0089,W0090]"
2369.5,2025-12-02T15:29:30+00:00,retrofit1,capacity_released,319.5,305.6,266.3,95.64945226917058,83.34898278560252,-39.3,"batch_2_wagons[W0069,W0070]"
2376.0,2025-12-02T15:36:00+00:00,collection1,capacity_reserved,375.0,276.39999999999986,299.4999999999999,73.70666666666664,79.86666666666665,23.1,batch_1_wagons[W0154]
2376.0,2025-12-02T15:36:00+00:00,collection1,capacity_reserved,375.0,299.4999999999999,316.1999999999999,79.86666666666665,84.31999999999996,16.7,batch_1_wagons[W0155]
2376.0,2025-12-02T15:36:00+00:00,collection1,capacity_reserved,375.0,316.1999999999999,332.89999999999986,84.31999999999996,88.7733333333333,16.7,batch_1_wagons[W0156]
2376.0,2025-12-02T15:36:00+00:00,collection1,capacity_reserved,375.0,332.89999999999986,348.4999999999999,88.7733333333333,92.9333333333333,15.6,batch_1_wagons[W0157]
2376.0,2025-12-02T15:36:00+00:00,collection1,capacity_reserved,375.0,348.4999999999999,371.39999999999986,92.9333333333333,99.03999999999996,22.9,batch_1_wagons[W0158]
2376.0,2025-12-02T15:36:00+00:00,collection2,capacity_reserved,375.0,249.10000000000002,269.8,66.42666666666666,71.94666666666667,20.7,batch_1_wagons[W0159]
2376.0,2025-12-02T15:36:00+00:00,collection2,capacity_reserved,375.0,269.8,287.90000000000003,71.94666666666667,76.77333333333334,18.1,batch_1_wagons[W0160]
2376.0,2025-12-02T15:36:00+00:00,collection2,capacity_reserved,375.0,287.90000000000003,309.6,76.77333333333334,82.56000000000002,21.7,batch_1_wagons[W0161]
2376.0,2025-12-02T15:36:00+00:00,collection2,capacity_reserved,375.0,309.6,333.40000000000003,82.56000000000002,88.90666666666668,23.8,batch_1_wagons[W0162]
2376.0,2025-12-02T15:36:00+00:00,collection2,capacity_reserved,375.0,333.40000000000003,350.50000000000006,88.90666666666668,93.46666666666668,17.1,batch_1_wagons[W0163]
2376.0,2025-12-02T15:36:00+00:00,collection2,capacity_reserved,375.0,350.50000000000006,366.20000000000005,93.46666666666668,97.65333333333335,15.7,batch_1_wagons[W0164]
2376.0,2025-12-02T15:36:00+00:00,collection3,capacity_reserved,375.0,0.0,21.7,0.0,5.786666666666666,21.7,batch_1_wagons[W0165]
2376.0,2025-12-02T15:36:00+00:00,collection3,capacity_reserved,375.0,21.7,41.2,5.786666666666666,10.986666666666666,19.5,batch_1_wagons[W0166]
2376.0,2025-12-02T15:36:00+00:00,collection3,capacity_reserved,375.0,41.2,61.900000000000006,10.986666666666666,16.506666666666668,20.7,batch_1_wagons[W0167]
2376.0,2025-12-02T15:36:00+00:00,collection3,capacity_reserved,375.0,61.900000000000006,36.400000000000006,16.506666666666668,9.706666666666667,15.7,batch_1_wagons[W0168]
2376.0,2025-12-02T15:36:00+00:00,collection3,capacity_released,375.0,77.60000000000001,55.800000000000004,20.693333333333335,14.88,-41.2,"batch_2_wagons[W0165,W0166]"
2376.0,2025-12-02T15:36:00+00:00,collection3,capacity_reserved,375.0,36.400000000000006,55.800000000000004,9.706666666666667,14.88,19.4,batch_1_wagons[W0169]
2376.0,2025-12-02T15:36:00+00:00,retrofit1,capacity_reserved,319.5,266.3,307.5,83.34898278560252,96.24413145539906,41.2,"batch_2_wagons[W0165,W0166]"
2376.0,2025-12-02T15:36:00+00:00,collection3,capacity_reserved,375.0,55.800000000000004,72.9,14.88,19.44,17.1,batch_1_wagons[W0170]
2376.0,2025-12-02T15:36:00+00:00,collection3,capacity_reserved,375.0,72.9,96.5,19.44,25.733333333333334,23.6,batch_1_wagons[W0171]
2376.0,2025-12-02T15:36:00+00:00,collection3,capacity_reserved,375.0,96.5,119.9,25.733333333333334,31.973333333333336,23.4,batch_1_wagons[W0172]
2376.0,2025-12-02T15:36:00+00:00,collection3,capacity_reserved,375.0,119.9,138.20000000000002,31.973333333333336,36.85333333333334,18.3,batch_1_wagons[W0173]
2376.0,2025-12-02T15:36:00+00:00,collection3,capacity_reserved,375.0,138.20000000000002,162.9,36.85333333333334,43.44,24.7,batch_1_wagons[W0174]
2376.0,2025-12-02T15:36:00+00:00,collection3,capacity_reserved,375.0,162.9,178.3,43.44,47.54666666666667,15.4,batch_1_wagons[W0175]
2376.0,2025-12-02T15:36:00+00:00,collection3,capacity_reserved,375.0,178.3,201.10000000000002,47.54666666666667,53.62666666666668,22.8,batch_1_wagons[W0176]
2376.0,2025-12-02T15:36:00+00:00,collection3,capacity_reserved,375.0,201.10000000000002,221.20000000000002,53.62666666666668,58.98666666666668,20.1,batch_1_wagons[W0177]
2376.0,2025-12-02T15:36:00+00:00,collection3,capacity_reserved,375.0,221.20000000000002,240.3,58.98666666666668,64.08,19.1,batch_1_wagons[W0178]
2376.0,2025-12-02T15:36:00+00:00,collection3,capacity_reserved,375.0,240.3,265.2,64.08,70.72,24.9,batch_1_wagons[W0179]
2376.0,2025-12-02T15:36:00+00:00,collection3,capacity_reserved,375.0,265.2,285.4,70.72,76.10666666666665,20.2,batch_1_wagons[W0180]
2376.0,2025-12-02T15:36:00+00:00,collection3,capacity_reserved,375.0,285.4,309.5,76.10666666666665,82.53333333333333,24.1,batch_1_wagons[W0181]
2376.0,2025-12-02T15:36:00+00:00,collection3,capacity_reserved,375.0,309.5,324.8,82.53333333333333,86.61333333333333,15.3,batch_1_wagons[W0182]
2376.0,2025-12-02T15:36:00+00:00,collection3,capacity_reserved,375.0,324.8,343.5,86.61333333333333,91.60000000000001,18.7,batch_1_wagons[W0183]
2376.0,2025-12-02T15:36:00+00:00,collection3,capacity_reserved,375.0,343.5,360.5,91.60000000000001,96.13333333333334,17.0,batch_1_wagons[W0184]
2381.5,2025-12-02T15:41:30+00:00,retrofitted1,capacity_reserved,528.0,150.89999999999998,194.49999999999997,28.579545454545453,36.837121212121204,43.6,"batch_2_wagons[W0067,W0068]"
2386.5,2025-12-02T15:46:30+00:00,retrofit2,capacity_released,319.5,305.2,269.4,95.52425665101721,84.31924882629107,-35.8,"batch_2_wagons[W0094,W0095]"
2391.5,2025-12-02T15:51:30+00:00,retrofitted1,capacity_released,528.0,194.49999999999997,43.599999999999966,36.837121212121204,8.25757575757575,-150.9,"batch_8_wagons[W0053,W0054,W0087,W0088,W0055,W0066,W0089,W0090]"
2444.0,2025-12-02T16:44:00+00:00,collection2,capacity_released,375.0,366.20000000000005,324.50000000000006,97.65333333333335,86.53333333333335,-41.7,"batch_2_wagons[W0138,W0139]"
2444.0,2025-12-02T16:44:00+00:00,retrofit2,capacity_reserved,319.5,269.4,311.09999999999997,84.31924882629107,97.37089201877933,41.7,"batch_2_wagons[W0138,W0139]"
2456.0,2025-12-02T16:56:00+00:00,retrofitted1,capacity_reserved,528.0,43.599999999999966,83.19999999999996,8.25757575757575,15.75757575757575,39.599999999999994,"batch_2_wagons[W0091,W0092]"
2461.0,2025-12-02T17:01:00+00:00,retrofit1,capacity_released,319.5,307.5,266.6,96.24413145539906,83.44287949921754,-40.900000000000006,"batch_2_wagons[W0071,W0114]"
2463.5,2025-12-02T17:03:30+00:00,collection1,capacity_released,375.0,371.39999999999986,334.09999999999985,99.03999999999996,89.09333333333329,-37.3,"batch_2_wagons[W0110,W0111]"
2463.5,2025-12-02T17:03:30+00:00,retrofit1,capacity_reserved,319.5,266.6,303.90000000000003,83.44287949921754,95.1173708920188,37.3,"batch_2_wagons[W0110,W0111]"
2464.0,2025-12-02T17:04:00+00:00,parking13,capacity_reserved,375.0,159.0,309.9,42.4,82.63999999999999,150.9,"batch_8_wagons[W0053,W0054,W0087,W0088,W0055,W0066,W0089,W0090]"
2499.0,2025-12-02T17:39:00+00:00,retrofitted1,capacity_reserved,528.0,83.19999999999996,122.49999999999996,15.75757575757575,23.20075757575757,39.3,"batch_2_wagons[W0069,W0070]"
2504.0,2025-12-02T17:44:00+00:00,retrofit2,capacity_released,319.5,311.09999999999997,274.59999999999997,97.37089201877933,85.94679186228481,-36.5,"batch_2_wagons[W0097,W0099]"
2537.5,2025-12-02T18:17:30+00:00,collection3,capacity_released,375.0,360.5,324.1,96.13333333333334,86.42666666666668,-36.4,"batch_2_wagons[W0167,W0168]"
2537.5,2025-12-02T18:17:30+00:00,retrofit2,capacity_reserved,319.5,274.59999999999997,310.99999999999994,85.94679186228481,97.33959311424098,36.4,"batch_2_wagons[W0167,W0168]"
2542.5,2025-12-02T18:22:30+00:00,retrofitted1,capacity_released,528.0,122.49999999999996,0.0,23.20075757575757,0.0,-122.49999999999996,"batch_6_wagons[W0067,W0068,W0091,W0092,W0069,W0070]"
2602.5,2025-12-02T19:22:30+00:00,collection2,capacity_released,375.0,324.50000000000006,301.90000000000003,86.53333333333335,80.50666666666667,-22.6,batch_1_wagons[W0140]
2602.5,2025-12-02T19:22:30+00:00,retrofit1,capacity_reserve_blocked,319.5,303.90000000000003,303.90000000000003,95.1173708920188,95.1173708920188,22.6,batch_1_wagons_WAITING[W0140]
2612.0,2025-12-02T19:32:00+00:00,parking15,capacity_reserved,375.0,171.20000000000002,293.70000000000005,45.65333333333334,78.32000000000001,122.5,"batch_6_wagons[W0067,W0068,W0091,W0092,W0069,W0070]"
2614.5,2025-12-02T19:34:30+00:00,retrofitted1,capacity_reserved,528.0,0.0,35.8,0.0,6.780303030303029,35.8,"batch_2_wagons[W0094,W0095]"
2619.5,2025-12-02T19:39:30+00:00,retrofit1,capacity_released,319.5,303.90000000000003,287.20000000000005,95.1173708920188,89.89045383411582,-39.3,"batch_2_wagons[W0115,W0116]"
2619.5,2025-12-02T19:39:30+00:00,retrofit1,capacity_reserved,319.5,264.6,287.20000000000005,82.81690140845072,89.89045383411582,22.6,batch_1_wagons[W0140]
2631.5,2025-12-02T19:51:30+00:00,retrofitted1,capacity_reserved,528.0,35.8,76.7,6.780303030303029,14.526515151515152,40.900000000000006,"batch_2_wagons[W0071,W0114]"
2636.5,2025-12-02T19:56:30+00:00,retrofit2,capacity_released,319.5,310.99999999999994,273.59999999999997,97.33959311424098,85.6338028169014,-37.4,"batch_2_wagons[W0100,W0101]"
2648.5,2025-12-02T20:08:30+00:00,retrofitted1,capacity_reserved,528.0,76.7,113.2,14.526515151515152,21.439393939393938,36.5,"batch_2_wagons[W0097,W0099]"
2653.5,2025-12-02T20:13:30+00:00,retrofit1,capacity_released,319.5,287.20000000000005,252.30000000000004,89.89045383411582,78.96713615023475,-34.900000000000006,"batch_2_wagons[W0117,W0118]"
2663.0,2025-12-02T20:23:00+00:00,collection1,capacity_released,375.0,334.09999999999985,274.79999999999984,89.09333333333329,73.27999999999996,-59.300000000000004,"batch_3_wagons[W0112,W0126,W0127]"
2663.0,2025-12-02T20:23:00+00:00,retrofit1,capacity_reserved,319.5,252.30000000000004,311.6,78.96713615023475,97.52738654147105,59.300000000000004,"batch_3_wagons[W0112,W0126,W0127]"
2664.0,2025-12-02T20:24:00+00:00,collection1,capacity_reserved,375.0,274.79999999999984,299.59999999999985,73.27999999999996,79.89333333333329,24.8,batch_1_wagons[W0187]
2664.0,2025-12-02T20:24:00+00:00,collection1,capacity_reserved,375.0,299.59999999999985,320.29999999999984,79.89333333333329,85.41333333333328,20.7,batch_1_wagons[W0188]
2664.0,2025-12-02T20:24:00+00:00,collection1,capacity_reserved,375.0,320.29999999999984,342.89999999999986,85.41333333333328,91.43999999999997,22.6,batch_1_wagons[W0189]
2664.0,2025-12-02T20:24:00+00:00,collection1,capacity_reserved,375.0,342.89999999999986,366.6999999999999,91.43999999999997,97.78666666666663,23.8,batch_1_wagons[W0190]
2664.0,2025-12-02T20:24:00+00:00,collection2,capacity_reserved,375.0,301.90000000000003,320.1,80.50666666666667,85.36,18.2,batch_1_wagons[W0191]
2664.0,2025-12-02T20:24:00+00:00,collection2,capacity_reserved,375.0,320.1,338.5,85.36,90.26666666666667,18.4,batch_1_wagons[W0192]
2664.0,2025-12-02T20:24:00+00:00,collection2,capacity_reserved,375.0,338.5,355.9,90.26666666666667,94.90666666666667,17.4,batch_1_wagons[W0193]
2664.0,2025-12-02T20:24:00+00:00,collection2,capacity_reserved,375.0,355.9,374.59999999999997,94.90666666666667,99.89333333333332,18.7,batch_1_wagons[W0194]
2664.0,2025-12-02T20:24:00+00:00,collection3,capacity_reserved,375.0,324.1,340.6,86.42666666666668,90.82666666666668,16.5,batch_1_wagons[W0195]
2664.0,2025-12-02T20:24:00+00:00,collection3,capacity_reserved,375.0,340.6,363.0,90.82666666666668,96.8,22.4,batch_1_wagons[W0196]
2695.0,2025-12-02T20:55:00+00:00,collection3,capacity_released,375.0,363.0,326.5,96.8,87.06666666666666,-36.5,"batch_2_wagons[W0169,W0170]"
2695.0,2025-12-02T20:55:00+00:00,retrofit2,capacity_reserved,319.5,273.59999999999997,310.09999999999997,85.6338028169014,97.05790297339591,36.5,"batch_2_wagons[W0169,W0170]"
2703.0,2025-12-02T21:03:00+00:00,retrofitted1,capacity_released,528.0,113.2,0.0,21.439393939393938,0.0,-113.2,"batch_6_wagons[W0094,W0095,W0071,W0114,W0097,W0099]"
2717.5,2025-12-02T21:17:30+00:00,parking2,capacity_reserved,202.5,0.0,113.2,0.0,55.901234567901234,113.2,"batch_6_wagons[W0094,W0095,W0071,W0114,W0097,W0099]"
2747.0,2025-12-02T21:47:00+00:00,retrofitted1,capacity_reserved,528.0,0.0,39.3,0.0,7.443181818181818,39.3,"batch_2_wagons[W0115,W0116]"
2752.0,2025-12-02T21:52:00+00:00,retrofit2,capacity_released,319.5,310.09999999999997,273.79999999999995,97.05790297339591,85.69640062597807,-36.3,"batch_2_wagons[W0102,W0103]"
2757.0,2025-12-02T21:57:00+00:00,retrofitted1,capacity_released,528.0,39.3,0.0,7.443181818181818,0.0,-39.3,"batch_2_wagons[W0115,W0116]"
2765.5,2025-12-02T22:05:30+00:00,parking6,capacity_reserved,199.5,0.0,39.3,0.0,19.69924812030075,39.3,"batch_2_wagons[W0115,W0116]"
2794.0,2025-12-02T22:34:00+00:00,collection2,capacity_released,375.0,374.59999999999997,330.9,99.89333333333332,88.24,-43.7,"batch_2_wagons[W0141,W0142]"
2794.0,2025-12-02T22:34:00+00:00,retrofit2,capacity_reserved,319.5,273.79999999999995,317.49999999999994,85.69640062597807,99.37402190923315,43.7,"batch_2_wagons[W0141,W0142]"
2806.0,2025-12-02T22:46:00+00:00,retrofitted1,capacity_reserved,528.0,0.0,37.4,0.0,7.083333333333333,37.4,"batch_2_wagons[W0100,W0101]"
2808.5,2025-12-02T22:48:30+00:00,retrofitted1,capacity_reserved,528.0,37.4,72.30000000000001,7.083333333333333,13.69318181818182,34.900000000000006,"batch_2_wagons[W0117,W0118]"
2811.0,2025-12-02T22:51:00+00:00,retrofit1,capacity_released,319.5,311.6,264.8,97.52738654147105,82.87949921752738,-46.8,"batch_2_wagons[W0150,W0151]"
2813.5,2025-12-02T22:53:30+00:00,retrofit2,capacity_released,319.5,317.49999999999994,278.19999999999993,99.37402190923315,87.07355242566508,-39.3,"batch_2_wagons[W0104,W0120]"
2818.5,2025-12-02T22:58:30+00:00,retrofitted1,capacity_released,528.0,72.30000000000001,34.90000000000001,13.69318181818182,6.609848484848488,-37.4,"batch_2_wagons[W0100,W0101]"
2827.0,2025-12-02T23:07:00+00:00,parking3,capacity_reserved,192.75,0.0,37.4,0.0,19.403372243839172,37.4,"batch_2_wagons[W0100,W0101]"
2842.0,2025-12-02T23:22:00+00:00,collection1,capacity_released,375.0,366.6999999999999,321.1999999999999,97.78666666666663,85.65333333333331,-45.5,"batch_2_wagons[W0129,W0130]"
2842.0,2025-12-02T23:22:00+00:00,retrofit1,capacity_reserved,319.5,264.8,310.3,82.87949921752738,97.12050078247262,45.5,"batch_2_wagons[W0129,W0130]"
2844.5,2025-12-02T23:24:30+00:00,collection3,capacity_released,375.0,326.5,302.9,87.06666666666666,80.77333333333333,-23.6,batch_1_wagons[W0171]
2844.5,2025-12-02T23:24:30+00:00,retrofit2,capacity_reserved,319.5,278.19999999999993,301.79999999999995,87.07355242566508,94.4600938967136,23.6,batch_1_wagons[W0171]
2849.5,2025-12-02T23:29:30+00:00,retrofitted1,capacity_released,528.0,34.90000000000001,7.105427357601002e-15,6.609848484848488,1.345724878333523e-15,-34.900000000000006,"batch_2_wagons[W0117,W0118]"
2913.0,2025-12-03T00:33:00+00:00,parking10,capacity_reserved,450.0,273.6,308.5,60.80000000000001,68.55555555555556,34.900000000000006,"batch_2_wagons[W0117,W0118]"
2950.0,2025-12-03T01:10:00+00:00,collection2,capacity_released,375.0,330.9,314.7,88.24,83.91999999999999,-16.2,batch_1_wagons[W0143]
2950.0,2025-12-03T01:10:00+00:00,retrofit2,capacity_reserved,319.5,301.79999999999995,317.99999999999994,94.4600938967136,99.53051643192487,16.2,batch_1_wagons[W0143]
2952.0,2025-12-03T01:12:00+00:00,collection1,capacity_reserved,375.0,321.1999999999999,341.2999999999999,85.65333333333331,91.0133333333333,20.1,batch_1_wagons[W0219]
2952.0,2025-12-03T01:12:00+00:00,collection1,capacity_reserved,375.0,341.2999999999999,358.2999999999999,91.0133333333333,95.54666666666664,17.0,batch_1_wagons[W0220]
2952.0,2025-12-03T01:12:00+00:00,collection2,capacity_reserved,375.0,314.7,333.4,83.91999999999999,88.90666666666665,18.7,batch_1_wagons[W0221]
2952.0,2025-12-03T01:12:00+00:00,collection2,capacity_reserved,375.0,333.4,355.5,88.90666666666665,94.8,22.1,batch_1_wagons[W0224]
2962.0,2025-12-03T01:22:00+00:00,retrofitted1,capacity_reserved,528.0,7.105427357601002e-15,36.300000000000004,1.345724878333523e-15,6.875000000000001,36.3,"batch_2_wagons[W0102,W0103]"
2967.0,2025-12-03T01:27:00+00:00,retrofit1,capacity_released,319.5,310.3,262.90000000000003,97.12050078247262,82.2848200312989,-47.4,"batch_2_wagons[W0152,W0105]"
2979.0,2025-12-03T01:39:00+00:00,retrofitted1,capacity_reserved,528.0,36.300000000000004,83.1,6.875000000000001,15.738636363636363,46.8,"batch_2_wagons[W0150,W0151]"
2984.0,2025-12-03T01:44:00+00:00,retrofit2,capacity_released,319.5,317.99999999999994,271.69999999999993,99.53051643192487,85.0391236306729,-46.3,"batch_2_wagons[W0121,W0122]"
2985.0,2025-12-03T01:45:00+00:00,retrofitted1,capacity_reserved,528.0,83.1,122.39999999999999,15.738636363636363,23.18181818181818,39.3,"batch_2_wagons[W0104,W0120]"
2990.0,2025-12-03T01:50:00+00:00,retrofit1,capacity_released,319.5,262.90000000000003,223.80000000000004,82.2848200312989,70.04694835680752,-39.099999999999994,"batch_2_wagons[W0123,W0124]"
2997.0,2025-12-03T01:57:00+00:00,collection1,capacity_released,375.0,358.2999999999999,279.4999999999999,95.54666666666664,74.5333333333333,-78.8,"batch_4_wagons[W0131,W0132,W0133,W0134]"
2997.0,2025-12-03T01:57:00+00:00,retrofit1,capacity_reserved,319.5,223.80000000000004,302.6,70.04694835680752,94.71048513302036,78.8,"batch_4_wagons[W0131,W0132,W0133,W0134]"
2999.0,2025-12-03T01:59:00+00:00,collection3,capacity_released,375.0,302.9,261.2,80.77333333333333,69.65333333333334,-41.7,"batch_2_wagons[W0172,W0173]"
2999.0,2025-12-03T01:59:00+00:00,retrofit2,capacity_reserved,319.5,271.69999999999993,313.3999999999999,85.0391236306729,98.09076682316118,41.7,"batch_2_wagons[W0172,W0173]"
3002.0,2025-12-03T02:02:00+00:00,retrofitted1,capacity_released,528.0,122.39999999999999,86.1,23.18181818181818,16.30681818181818,-36.3,"batch_2_wagons[W0102,W0103]"
3065.5,2025-12-03T03:05:30+00:00,parking11,capacity_reserved,375.0,200.1,236.39999999999998,53.36,63.04,36.3,"batch_2_wagons[W0102,W0103]"
3115.0,2025-12-03T03:55:00+00:00,collection2,capacity_released,375.0,355.5,339.2,94.8,90.45333333333333,-16.3,batch_1_wagons[W0145]
3115.0,2025-12-03T03:55:00+00:00,retrofit1,capacity_reserved,319.5,302.6,318.90000000000003,94.71048513302036,99.81220657276997,16.3,batch_1_wagons[W0145]
3127.0,2025-12-03T04:07:00+00:00,retrofitted1,capacity_reserved,528.0,86.1,133.5,16.30681818181818,25.28409090909091,47.4,"batch_2_wagons[W0152,W0105]"
3132.0,2025-12-03T04:12:00+00:00,retrofit2,capacity_released,319.5,313.3999999999999,276.5999999999999,98.09076682316118,86.5727699530516,-36.8,"batch_2_wagons[W0106,W0107]"
3137.5,2025-12-03T04:17:30+00:00,retrofitted1,capacity_reserved,528.0,133.5,179.8,25.28409090909091,34.053030303030305,46.3,"batch_2_wagons[W0121,W0122]"
3142.5,2025-12-03T04:22:30+00:00,retrofit1,capacity_released,319.5,318.90000000000003,279.30000000000007,99.81220657276997,87.41784037558688,-39.599999999999994,"batch_2_wagons[W0125,W0165]"
3144.0,2025-12-03T04:24:00+00:00,retrofitted1,capacity_reserved,528.0,179.8,218.9,34.053030303030305,41.458333333333336,39.099999999999994,"batch_2_wagons[W0123,W0124]"
3154.0,2025-12-03T04:34:00+00:00,retrofitted1,capacity_released,528.0,218.9,132.8,41.458333333333336,25.151515151515152,-86.1,"batch_4_wagons[W0150,W0151,W0104,W0120]"
3165.5,2025-12-03T04:45:30+00:00,parking5,capacity_reserved,162.0,0.0,86.1,0.0,53.148148148148145,86.1,"batch_4_wagons[W0150,W0151,W0104,W0120]"
3170.5,2025-12-03T04:50:30+00:00,retrofit2,capacity_released,319.5,276.5999999999999,239.7999999999999,86.5727699530516,75.05477308294206,-36.8,"batch_2_wagons[W0108,W0109]"
3180.0,2025-12-03T05:00:00+00:00,collection1,capacity_released,375.0,279.4999999999999,200.8999999999999,74.5333333333333,53.57333333333331,-78.6,"batch_4_wagons[W0135,W0136,W0137,W0154]"
3180.0,2025-12-03T05:00:00+00:00,retrofit2,capacity_reserved,319.5,239.7999999999999,318.39999999999986,75.05477308294206,99.65571205007821,78.6,"batch_4_wagons[W0135,W0136,W0137,W0154]"
3181.0,2025-12-03T05:01:00+00:00,collection3,capacity_released,375.0,261.2,221.1,69.65333333333334,58.96,-40.1,"batch_2_wagons[W0174,W0175]"
3181.0,2025-12-03T05:01:00+00:00,retrofit1,capacity_reserved,319.5,279.30000000000007,319.4000000000001,87.41784037558688,99.96870109546168,40.1,"batch_2_wagons[W0174,W0175]"
3201.5,2025-12-03T05:21:30+00:00,retrofitted1,capacity_released,528.0,132.8,0.0,25.151515151515152,0.0,-132.8,"batch_6_wagons[W0152,W0105,W0121,W0122,W0123,W0124]"
3216.0,2025-12-03T05:36:00+00:00,parking6,capacity_reserved,199.5,39.3,172.10000000000002,19.69924812030075,86.26566416040102,132.8,"batch_6_wagons[W0152,W0105,W0121,W0122,W0123,W0124]"
3264.0,2025-12-03T06:24:00+00:00,retrofitted1,capacity_reserved,528.0,0.0,36.8,0.0,6.969696969696969,36.8,"batch_2_wagons[W0106,W0107]"
3269.0,2025-12-03T06:29:00+00:00,retrofit1,capacity_released,319.5,319.4000000000001,279.7000000000001,99.96870109546168,87.54303599374025,-39.7,"batch_2_wagons[W0166,W0110]"
3273.5,2025-12-03T06:33:30+00:00,collection2,capacity_released,375.0,339.2,318.0,90.45333333333333,84.8,-21.2,batch_1_wagons[W0146]
3273.5,2025-12-03T06:33:30+00:00,retrofit1,capacity_reserved,319.5,279.7000000000001,300.9000000000001,87.54303599374025,94.17840375586857,21.2,batch_1_wagons[W0146]
3281.0,2025-12-03T06:41:00+00:00,retrofitted1,capacity_reserved,528.0,36.8,76.39999999999999,6.969696969696969,14.469696969696969,39.599999999999994,"batch_2_wagons[W0125,W0165]"
3285.5,2025-12-03T06:45:30+00:00,retrofitted1,capacity_reserved,528.0,76.39999999999999,113.19999999999999,14.469696969696969,21.439393939393938,36.8,"batch_2_wagons[W0108,W0109]"
3286.0,2025-12-03T06:46:00+00:00,retrofit2,capacity_released,319.5,318.39999999999986,276.6999999999999,99.65571205007821,86.60406885758995,-41.7,"batch_2_wagons[W0138,W0139]"
3290.5,2025-12-03T06:50:30+00:00,retrofit1,capacity_released,319.5,300.9000000000001,261.2000000000001,94.17840375586857,81.75273865414714,-39.7,"batch_2_wagons[W0111,W0140]"
3291.0,2025-12-03T06:51:00+00:00,retrofitted1,capacity_released,528.0,113.19999999999999,76.39999999999999,21.439393939393938,14.469696969696969,-36.8,"batch_2_wagons[W0106,W0107]"
3299.5,2025-12-03T06:59:30+00:00,parking7,capacity_reserved,159.0,0.0,36.8,0.0,23.144654088050313,36.8,"batch_2_wagons[W0106,W0107]"
3346.0,2025-12-03T07:46:00+00:00,collection3,capacity_released,375.0,221.1,178.2,58.96,47.519999999999996,-42.900000000000006,"batch_2_wagons[W0176,W0177]"
3346.0,2025-12-03T07:46:00+00:00,retrofit1,capacity_reserved,319.5,261.2000000000001,304.10000000000014,81.75273865414714,95.1799687010955,42.900000000000006,"batch_2_wagons[W0176,W0177]"
3351.0,2025-12-03T07:51:00+00:00,retrofitted1,capacity_released,528.0,76.39999999999999,0.0,14.469696969696969,0.0,-76.39999999999999,"batch_4_wagons[W0125,W0165,W0108,W0109]"
3361.0,2025-12-03T08:01:00+00:00,collection1,capacity_released,375.0,200.8999999999999,167.4999999999999,53.57333333333331,44.666666666666636,-33.4,"batch_2_wagons[W0155,W0156]"
3361.0,2025-12-03T08:01:00+00:00,retrofit2,capacity_reserved,319.5,276.6999999999999,310.09999999999985,86.60406885758995,97.05790297339588,33.4,"batch_2_wagons[W0155,W0156]"
3362.5,2025-12-03T08:02:30+00:00,parking3,capacity_reserved,192.75,37.4,113.80000000000001,19.403372243839172,59.0402075226978,76.4,"batch_4_wagons[W0125,W0165,W0108,W0109]"
3384.0,2025-12-03T08:24:00+00:00,retrofitted1,capacity_reserved,528.0,0.0,39.7,0.0,7.5189393939393945,39.7,"batch_2_wagons[W0166,W0110]"
3389.0,2025-12-03T08:29:00+00:00,retrofit2,capacity_released,319.5,310.09999999999985,273.6999999999999,97.05790297339588,85.66510172143971,-36.4,"batch_2_wagons[W0167,W0168]"
3394.0,2025-12-03T08:34:00+00:00,retrofitted1,capacity_released,528.0,39.7,0.0,7.5189393939393945,0.0,-39.7,"batch_2_wagons[W0166,W0110]"
3402.5,2025-12-03T08:42:30+00:00,parking8,capacity_reserved,152.25,0.0,39.7,0.0,26.075533661740558,39.7,"batch_2_wagons[W0166,W0110]"
3435.5,2025-12-03T09:15:30+00:00,collection2,capacity_released,375.0,318.0,293.2,84.8,78.18666666666665,-24.8,batch_1_wagons[W0147]
3435.5,2025-12-03T09:15:30+00:00,retrofit2,capacity_reserved,319.5,273.6999999999999,298.4999999999999,85.66510172143971,93.42723004694832,24.8,batch_1_wagons[W0147]
3445.5,2025-12-03T09:25:30+00:00,retrofitted1,capacity_reserved,528.0,0.0,41.7,0.0,7.897727272727273,41.7,"batch_2_wagons[W0138,W0139]"
3447.5,2025-12-03T09:27:30+00:00,retrofitted1,capacity_reserved,528.0,41.7,81.4,7.897727272727273,15.416666666666668,39.7,"batch_2_wagons[W0111,W0140]"
3450.5,2025-12-03T09:30:30+00:00,retrofit1,capacity_released,319.5,304.10000000000014,260.90000000000015,95.1799687010955,81.65884194053213,-43.2,"batch_2_wagons[W0112,W0126]"
3452.5,2025-12-03T09:32:30+00:00,retrofit2,capacity_released,319.5,298.4999999999999,261.9999999999999,93.42723004694832,82.00312989045379,-36.5,"batch_2_wagons[W0169,W0170]"
3457.5,2025-12-03T09:37:30+00:00,retrofitted1,capacity_released,528.0,81.4,39.7,15.416666666666668,7.5189393939393945,-41.7,"batch_2_wagons[W0138,W0139]"
3466.0,2025-12-03T09:46:00+00:00,parking9,capacity_reserved,300.0,158.4,200.10000000000002,52.800000000000004,66.7,41.7,"batch_2_wagons[W0138,W0139]"
3500.0,2025-12-03T10:20:00+00:00,collection3,capacity_released,375.0,178.2,134.2,47.519999999999996,35.78666666666666,-44.0,"batch_2_wagons[W0178,W0179]"
3500.0,2025-12-03T10:20:00+00:00,retrofit1,capacity_reserved,319.5,260.90000000000015,304.90000000000015,81.65884194053213,95.43035993740224,44.0,"batch_2_wagons[W0178,W0179]"
3505.0,2025-12-03T10:25:00+00:00,retrofitted1,capacity_released,528.0,39.7,0.0,7.5189393939393945,0.0,-39.7,"batch_2_wagons[W0111,W0140]"
3506.5,2025-12-03T10:26:30+00:00,collection1,capacity_released,375.0,167.4999999999999,128.9999999999999,44.666666666666636,34.39999999999997,-38.5,"batch_2_wagons[W0157,W0158]"
3506.5,2025-12-03T10:26:30+00:00,retrofit2,capacity_reserved,319.5,261.9999999999999,300.4999999999999,82.00312989045379,94.05320813771515,38.5,"batch_2_wagons[W0157,W0158]"
3518.5,2025-12-03T10:38:30+00:00,retrofitted1,capacity_reserved,528.0,0.0,36.4,0.0,6.893939393939394,36.4,"batch_2_wagons[W0167,W0168]"
3523.5,2025-12-03T10:43:30+00:00,retrofit1,capacity_released,319.5,304.90000000000015,264.60000000000014,95.43035993740224,82.81690140845075,-40.3,"batch_2_wagons[W0127,W0129]"
3568.5,2025-12-03T11:28:30+00:00,parking10,capacity_reserved,450.0,308.5,348.2,68.55555555555556,77.37777777777778,39.7,"batch_2_wagons[W0111,W0140]"
3581.5,2025-12-03T11:41:30+00:00,collection2,capacity_released,375.0,293.2,245.6,78.18666666666665,65.49333333333334,-47.6,"batch_2_wagons[W0148,W0149]"
3581.5,2025-12-03T11:41:30+00:00,retrofit1,capacity_reserved,319.5,264.60000000000014,312.20000000000016,82.81690140845075,97.71517996870115,47.6,"batch_2_wagons[W0148,W0149]"
3619.5,2025-12-03T12:19:30+00:00,retrofitted1,capacity_reserved,528.0,36.4,79.6,6.893939393939394,15.075757575757576,43.2,"batch_2_wagons[W0112,W0126]"
3624.5,2025-12-03T12:24:30+00:00,retrofit2,capacity_released,319.5,300.4999999999999,256.7999999999999,94.05320813771515,80.37558685446005,-43.7,"batch_2_wagons[W0141,W0142]"
3636.5,2025-12-03T12:36:30+00:00,retrofitted1,capacity_reserved,528.0,79.6,116.1,15.075757575757576,21.988636363636363,36.5,"batch_2_wagons[W0169,W0170]"
3641.5,2025-12-03T12:41:30+00:00,retrofit1,capacity_released,319.5,312.20000000000016,269.90000000000015,97.71517996870115,84.47574334898283,-42.3,"batch_2_wagons[W0130,W0131]"
3662.0,2025-12-03T13:02:00+00:00,collection3,capacity_released,375.0,134.2,74.6,35.78666666666666,19.89333333333333,-59.6,"batch_3_wagons[W0180,W0181,W0182]"
3662.0,2025-12-03T13:02:00+00:00,retrofit2,capacity_reserved,319.5,256.7999999999999,316.3999999999999,80.37558685446005,99.0297339593114,59.6,"batch_3_wagons[W0180,W0181,W0182]"
3662.5,2025-12-03T13:02:30+00:00,collection1,capacity_released,375.0,128.9999999999999,83.49999999999989,34.39999999999997,22.266666666666637,-45.5,"batch_2_wagons[W0187,W0188]"
3662.5,2025-12-03T13:02:30+00:00,retrofit1,capacity_reserved,319.5,269.90000000000015,315.40000000000015,84.47574334898283,98.71674491392805,45.5,"batch_2_wagons[W0187,W0188]"
3667.0,2025-12-03T13:07:00+00:00,retrofitted1,capacity_released,528.0,116.1,36.5,21.988636363636363,6.912878787878787,-79.6,"batch_4_wagons[W0167,W0168,W0112,W0126]"
3733.5,2025-12-03T14:13:30+00:00,parking11,capacity_reserved,375.0,236.39999999999998,316.0,63.04,84.26666666666667,79.6,"batch_4_wagons[W0167,W0168,W0112,W0126]"
3767.5,2025-12-03T14:47:30+00:00,collection2,capacity_released,375.0,245.6,230.6,65.49333333333334,61.49333333333333,-15.0,batch_1_wagons[W0153]
3767.5,2025-12-03T14:47:30+00:00,retrofit1,capacity_reserve_blocked,319.5,315.40000000000015,315.40000000000015,98.71674491392805,98.71674491392805,15.0,batch_1_wagons_WAITING[W0153]
3779.5,2025-12-03T14:59:30+00:00,retrofitted1,capacity_reserved,528.0,36.5,76.8,6.912878787878787,14.545454545454545,40.3,"batch_2_wagons[W0127,W0129]"
3784.5,2025-12-03T15:04:30+00:00,retrofit2,capacity_released,319.5,316.3999999999999,276.5999999999999,99.0297339593114,86.5727699530516,-39.8,"batch_2_wagons[W0171,W0143]"
3796.5,2025-12-03T15:16:30+00:00,retrofitted1,capacity_reserved,528.0,76.8,120.5,14.545454545454545,22.821969696969695,43.7,"batch_2_wagons[W0141,W0142]"
3801.5,2025-12-03T15:21:30+00:00,retrofit1,capacity_released,319.5,315.40000000000015,288.40000000000015,98.71674491392805,90.26604068857594,-42.0,"batch_2_wagons[W0132,W0133]"
3801.5,2025-12-03T15:21:30+00:00,retrofit1,capacity_reserved,319.5,273.40000000000015,288.40000000000015,85.57120500782477,90.26604068857594,15.0,batch_1_wagons[W0153]
3805.5,2025-12-03T15:25:30+00:00,retrofitted1,capacity_reserved,528.0,120.5,162.8,22.821969696969695,30.833333333333336,42.3,"batch_2_wagons[W0130,W0131]"
3810.5,2025-12-03T15:30:30+00:00,retrofit2,capacity_released,319.5,276.5999999999999,234.89999999999992,86.5727699530516,73.52112676056336,-41.7,"batch_2_wagons[W0172,W0173]"
3814.5,2025-12-03T15:34:30+00:00,collection3,capacity_released,375.0,74.6,0.0,19.89333333333333,0.0,-74.6,"batch_4_wagons[W0183,W0184,W0195,W0196]"
3814.5,2025-12-03T15:34:30+00:00,retrofit2,capacity_reserved,319.5,234.89999999999992,309.4999999999999,73.52112676056336,96.87010954616585,74.6,"batch_4_wagons[W0183,W0184,W0195,W0196]"
3815.5,2025-12-03T15:35:30+00:00,retrofitted1,capacity_released,528.0,162.8,86.00000000000001,30.833333333333336,16.28787878787879,-76.8,"batch_4_wagons[W0169,W0170,W0127,W0129]"
3827.5,2025-12-03T15:47:30+00:00,collection1,capacity_released,375.0,83.49999999999989,60.899999999999885,22.266666666666637,16.23999999999997,-22.6,batch_1_wagons[W0189]
3827.5,2025-12-03T15:47:30+00:00,retrofit1,capacity_reserved,319.5,288.40000000000015,311.00000000000017,90.26604068857594,97.33959311424105,22.6,batch_1_wagons[W0189]
3882.0,2025-12-03T16:42:00+00:00,parking12,capacity_reserved,375.0,243.1,319.9,64.82666666666667,85.30666666666666,76.8,"batch_4_wagons[W0169,W0170,W0127,W0129]"
3954.0,2025-12-03T17:54:00+00:00,retrofitted1,capacity_reserved,528.0,86.00000000000001,125.80000000000001,16.28787878787879,23.825757575757578,39.8,"batch_2_wagons[W0171,W0143]"
3958.5,2025-12-03T17:58:30+00:00,collection2,capacity_released,375.0,230.6,209.9,61.49333333333333,55.97333333333333,-20.7,batch_1_wagons[W0159]
3958.5,2025-12-03T17:58:30+00:00,retrofit2,capacity_reserve_blocked,319.5,309.4999999999999,309.4999999999999,96.87010954616585,96.87010954616585,20.7,batch_1_wagons_WAITING[W0159]
3959.0,2025-12-03T17:59:00+00:00,retrofit1,capacity_released,319.5,311.00000000000017,278.90000000000015,97.33959311424105,87.29264475743354,-32.1,"batch_2_wagons[W0134,W0145]"
3970.5,2025-12-03T18:10:30+00:00,retrofitted1,capacity_reserved,528.0,125.80000000000001,167.8,23.825757575757578,31.78030303030303,42.0,"batch_2_wagons[W0132,W0133]"
3971.0,2025-12-03T18:11:00+00:00,retrofitted1,capacity_reserved,528.0,167.8,209.5,31.78030303030303,39.678030303030305,41.7,"batch_2_wagons[W0172,W0173]"
3975.5,2025-12-03T18:15:30+00:00,retrofit2,capacity_released,319.5,309.4999999999999,291.7999999999999,96.87010954616585,91.33020344287947,-38.4,"batch_2_wagons[W0135,W0136]"
3975.5,2025-12-03T18:15:30+00:00,retrofit2,capacity_reserved,319.5,271.0999999999999,291.7999999999999,84.85133020344286,91.33020344287947,20.7,batch_1_wagons[W0159]
3976.0,2025-12-03T18:16:00+00:00,retrofit1,capacity_released,319.5,278.90000000000015,238.80000000000015,87.29264475743354,74.74178403755873,-40.1,"batch_2_wagons[W0174,W0175]"
3980.5,2025-12-03T18:20:30+00:00,retrofitted1,capacity_released,528.0,209.5,123.5,39.678030303030305,23.390151515151516,-86.0,"batch_4_wagons[W0141,W0142,W0130,W0131]"
3984.5,2025-12-03T18:24:30+00:00,collection1,capacity_released,375.0,60.899999999999885,0.0,16.23999999999997,0.0,-60.899999999999885,"batch_3_wagons[W0190,W0219,W0220]"
3984.5,2025-12-03T18:24:30+00:00,retrofit1,capacity_reserved,319.5,238.80000000000015,299.70000000000016,74.74178403755873,93.8028169014085,60.900000000000006,"batch_3_wagons[W0190,W0219,W0220]"
3992.0,2025-12-03T18:32:00+00:00,parking7,capacity_reserved,159.0,36.8,122.8,23.144654088050313,77.23270440251572,86.0,"batch_4_wagons[W0141,W0142,W0130,W0131]"
4015.5,2025-12-03T18:55:30+00:00,retrofitted1,capacity_released,528.0,123.5,18.299999999999997,23.390151515151516,3.4659090909090904,-105.2,"batch_5_wagons[W0171,W0143,W0132,W0133,W0172]"
4028.5,2025-12-03T19:08:30+00:00,parking8,capacity_reserved,152.25,39.7,144.9,26.075533661740558,95.17241379310344,105.2,"batch_5_wagons[W0171,W0143,W0132,W0133,W0172]"
4038.5,2025-12-03T19:18:30+00:00,retrofitted1,capacity_released,528.0,18.299999999999997,0.0,3.4659090909090904,0.0,-18.299999999999997,batch_1_wagons[W0173]
4045.5,2025-12-03T19:25:30+00:00,parking1,capacity_reserved,112.5,0.0,18.3,0.0,16.26666666666667,18.3,batch_1_wagons[W0173]
4069.5,2025-12-03T19:49:30+00:00,retrofitted1,capacity_reserved,528.0,0.0,32.1,0.0,6.079545454545455,32.1,"batch_2_wagons[W0134,W0145]"
4074.5,2025-12-03T19:54:30+00:00,retrofit2,capacity_released,319.5,291.7999999999999,251.5999999999999,91.33020344287947,78.74804381846633,-40.2,"batch_2_wagons[W0137,W0154]"
4078.0,2025-12-03T19:58:00+00:00,retrofitted1,capacity_reserved,528.0,32.1,70.5,6.079545454545455,13.352272727272727,38.4,"batch_2_wagons[W0135,W0136]"
4079.5,2025-12-03T19:59:30+00:00,retrofitted1,capacity_released,528.0,70.5,38.4,13.352272727272727,7.2727272727272725,-32.1,"batch_2_wagons[W0134,W0145]"
4083.0,2025-12-03T20:03:00+00:00,retrofit1,capacity_released,319.5,299.70000000000016,255.70000000000016,93.8028169014085,80.03129890453839,-44.0,"batch_2_wagons[W0146,W0176]"
4121.0,2025-12-03T20:41:00+00:00,retrofitted1,capacity_reserved,528.0,38.4,78.5,7.2727272727272725,14.867424242424242,40.1,"batch_2_wagons[W0174,W0175]"
4126.0,2025-12-03T20:46:00+00:00,retrofit2,capacity_released,319.5,251.5999999999999,218.1999999999999,78.74804381846633,68.29420970266038,-33.4,"batch_2_wagons[W0155,W0156]"
4126.5,2025-12-03T20:46:30+00:00,collection2,capacity_released,375.0,209.9,113.5,55.97333333333333,30.266666666666666,-96.4,"batch_5_wagons[W0160,W0161,W0162,W0163,W0164]"
4126.5,2025-12-03T20:46:30+00:00,retrofit2,capacity_reserved,319.5,218.1999999999999,314.5999999999999,68.29420970266038,98.46635367762126,96.4,"batch_5_wagons[W0160,W0161,W0162,W0163,W0164]"
4143.0,2025-12-03T21:03:00+00:00,parking10,capacity_reserved,450.0,348.2,380.3,77.37777777777778,84.51111111111112,32.1,"batch_2_wagons[W0134,W0145]"
4176.5,2025-12-03T21:36:30+00:00,retrofitted1,capacity_reserved,528.0,78.5,118.7,14.867424242424242,22.481060606060606,40.2,"batch_2_wagons[W0137,W0154]"
4181.5,2025-12-03T21:41:30+00:00,retrofit1,capacity_released,319.5,255.70000000000016,216.50000000000017,80.03129890453839,67.76212832550867,-39.2,"batch_2_wagons[W0177,W0178]"
4208.0,2025-12-03T22:08:00+00:00,retrofitted1,capacity_released,528.0,118.7,23.10000000000001,22.481060606060606,4.375000000000002,-95.6,"batch_5_wagons[W0135,W0136,W0174,W0175,W0137]"
4219.5,2025-12-03T22:19:30+00:00,retrofitted1,capacity_reserved,528.0,23.10000000000001,67.10000000000001,4.375000000000002,12.708333333333336,44.0,"batch_2_wagons[W0146,W0176]"
4220.0,2025-12-03T22:20:00+00:00,retrofitted1,capacity_reserved,528.0,67.10000000000001,100.5,12.708333333333336,19.03409090909091,33.4,"batch_2_wagons[W0155,W0156]"
4221.0,2025-12-03T22:21:00+00:00,parking9,capacity_reserved,300.0,200.10000000000002,295.70000000000005,66.7,98.56666666666668,95.6,"batch_5_wagons[W0135,W0136,W0174,W0175,W0137]"
4224.5,2025-12-03T22:24:30+00:00,retrofit2,capacity_released,319.5,314.5999999999999,274.19999999999993,98.46635367762126,85.82159624413144,-40.4,"batch_2_wagons[W0147,W0157]"
4225.0,2025-12-03T22:25:00+00:00,retrofit1,capacity_released,319.5,216.50000000000017,168.60000000000016,67.76212832550867,52.76995305164325,-47.9,"batch_2_wagons[W0179,W0148]"
4231.0,2025-12-03T22:31:00+00:00,retrofitted1,capacity_released,528.0,100.5,16.700000000000003,19.03409090909091,3.162878787878788,-83.8,"batch_4_wagons[W0154,W0146,W0176,W0155]"
4242.5,2025-12-03T22:42:30+00:00,parking1,capacity_reserved,112.5,18.3,102.1,16.26666666666667,90.75555555555556,83.8,"batch_4_wagons[W0154,W0146,W0176,W0155]"
4252.5,2025-12-03T22:52:30+00:00,retrofitted1,capacity_released,528.0,16.700000000000003,3.552713678800501e-15,3.162878787878788,6.728624391667615e-16,-16.7,batch_1_wagons[W0156]
4275.0,2025-12-03T23:15:00+00:00,retrofitted1,capacity_reserved,528.0,3.552713678800501e-15,39.2,6.728624391667615e-16,7.424242424242425,39.2,"batch_2_wagons[W0177,W0178]"
4280.0,2025-12-03T23:20:00+00:00,retrofit2,capacity_released,319.5,274.19999999999993,231.09999999999994,85.82159624413144,72.3317683881064,-43.099999999999994,"batch_2_wagons[W0158,W0180]"
4312.0,2025-12-03T23:52:00+00:00,collection2,capacity_released,375.0,113.5,0.0,30.266666666666666,0.0,-113.5,"batch_6_wagons[W0191,W0192,W0193,W0194,W0221,W0224]"
4312.0,2025-12-03T23:52:00+00:00,retrofit1,capacity_reserved,319.5,168.60000000000016,282.10000000000014,52.76995305164325,88.29420970266045,113.5,"batch_6_wagons[W0191,W0192,W0193,W0194,W0221,W0224]"
4314.5,2025-12-03T23:54:30+00:00,parking14,capacity_reserved,375.0,280.8,297.5,74.88,79.33333333333333,16.7,batch_1_wagons[W0156]
4318.0,2025-12-03T23:58:00+00:00,retrofitted1,capacity_reserved,528.0,39.2,79.6,7.424242424242425,15.075757575757576,40.4,"batch_2_wagons[W0147,W0157]"
4318.5,2025-12-03T23:58:30+00:00,retrofitted1,capacity_reserved,528.0,79.6,127.5,15.075757575757576,24.147727272727273,47.9,"batch_2_wagons[W0179,W0148]"
4323.0,2025-12-04T00:03:00+00:00,retrofit1,capacity_released,319.5,282.10000000000014,232.70000000000013,88.29420970266045,72.83255086071992,-49.400000000000006,"batch_2_wagons[W0149,W0187]"
4323.5,2025-12-04T00:03:30+00:00,retrofit2,capacity_released,319.5,231.09999999999994,191.69999999999993,72.3317683881064,59.99999999999998,-39.400000000000006,"batch_2_wagons[W0181,W0182]"
4373.5,2025-12-04T00:53:30+00:00,retrofitted1,capacity_reserved,528.0,127.5,170.6,24.147727272727273,32.31060606060606,43.099999999999994,"batch_2_wagons[W0158,W0180]"
4378.5,2025-12-04T00:58:30+00:00,retrofit1,capacity_released,319.5,232.70000000000013,197.0000000000001,72.83255086071992,61.65884194053211,-35.7,"batch_2_wagons[W0188,W0153]"
4379.5,2025-12-04T00:59:30+00:00,retrofitted1,capacity_released,528.0,170.6,90.99999999999999,32.31060606060606,17.234848484848484,-79.60000000000001,"batch_4_wagons[W0177,W0178,W0147,W0157]"
4391.0,2025-12-04T01:11:00+00:00,parking2,capacity_reserved,202.5,113.2,192.8,55.901234567901234,95.20987654320989,79.60000000000001,"batch_4_wagons[W0177,W0178,W0147,W0157]"
4401.0,2025-12-04T01:21:00+00:00,retrofitted1,capacity_released,528.0,90.99999999999999,20.19999999999999,17.234848484848484,3.8257575757575735,-70.8,"batch_3_wagons[W0179,W0148,W0158]"
4416.5,2025-12-04T01:36:30+00:00,retrofitted1,capacity_reserved,528.0,20.19999999999999,69.6,3.8257575757575735,13.18181818181818,49.400000000000006,"batch_2_wagons[W0149,W0187]"
4417.0,2025-12-04T01:37:00+00:00,retrofitted1,capacity_reserved,528.0,69.6,109.0,13.18181818181818,20.643939393939394,39.400000000000006,"batch_2_wagons[W0181,W0182]"
4421.5,2025-12-04T01:41:30+00:00,retrofit2,capacity_released,319.5,191.69999999999993,155.99999999999994,59.99999999999998,48.82629107981219,-35.7,"batch_2_wagons[W0183,W0184]"
4422.0,2025-12-04T01:42:00+00:00,retrofit1,capacity_released,319.5,197.0000000000001,150.6000000000001,61.65884194053211,47.13615023474182,-46.400000000000006,"batch_2_wagons[W0189,W0190]"
4466.0,2025-12-04T02:26:00+00:00,parking15,capacity_reserved,375.0,293.70000000000005,364.50000000000006,78.32000000000001,97.20000000000002,70.8,"batch_3_wagons[W0179,W0148,W0158]"
4472.0,2025-12-04T02:32:00+00:00,retrofitted1,capacity_reserved,528.0,109.0,144.7,20.643939393939394,27.40530303030303,35.7,"batch_2_wagons[W0188,W0153]"
4477.0,2025-12-04T02:37:00+00:00,retrofit2,capacity_released,319.5,155.99999999999994,117.09999999999994,48.82629107981219,36.65101721439748,-38.9,"batch_2_wagons[W0195,W0196]"
4515.0,2025-12-04T03:15:00+00:00,retrofitted1,capacity_reserved,528.0,144.7,180.39999999999998,27.40530303030303,34.166666666666664,35.7,"batch_2_wagons[W0183,W0184]"
4515.5,2025-12-04T03:15:30+00:00,retrofitted1,capacity_reserved,528.0,180.39999999999998,226.79999999999998,34.166666666666664,42.95454545454545,46.400000000000006,"batch_2_wagons[W0189,W0190]"
4520.0,2025-12-04T03:20:00+00:00,retrofit1,capacity_released,319.5,150.6000000000001,113.50000000000011,47.13615023474182,35.52425665101725,-37.1,"batch_2_wagons[W0219,W0220]"
4520.5,2025-12-04T03:20:30+00:00,retrofit2,capacity_released,319.5,117.09999999999994,78.29999999999994,36.65101721439748,24.507042253521107,-38.8,"batch_2_wagons[W0159,W0160]"
4531.0,2025-12-04T03:31:00+00:00,retrofitted1,capacity_released,528.0,226.79999999999998,157.2,42.95454545454545,29.772727272727273,-69.6,"batch_3_wagons[W0180,W0149,W0187]"
4541.0,2025-12-04T03:41:00+00:00,parking3,capacity_reserved,192.75,113.80000000000001,183.4,59.0402075226978,95.14915693904021,69.6,"batch_3_wagons[W0180,W0149,W0187]"
4551.0,2025-12-04T03:51:00+00:00,retrofitted1,capacity_released,528.0,157.2,82.1,29.772727272727273,15.549242424242424,-75.1,"batch_4_wagons[W0181,W0182,W0188,W0153]"
4570.5,2025-12-04T04:10:30+00:00,retrofitted1,capacity_reserved,528.0,82.1,121.0,15.549242424242424,22.916666666666664,38.9,"batch_2_wagons[W0195,W0196]"
4575.5,2025-12-04T04:15:30+00:00,retrofit1,capacity_released,319.5,113.50000000000011,76.90000000000012,35.52425665101725,24.06885758998439,-36.599999999999994,"batch_2_wagons[W0191,W0192]"
4613.5,2025-12-04T04:53:30+00:00,retrofitted1,capacity_reserved,528.0,121.0,158.1,22.916666666666664,29.94318181818182,37.1,"batch_2_wagons[W0219,W0220]"
4614.0,2025-12-04T04:54:00+00:00,retrofitted1,capacity_reserved,528.0,158.1,196.89999999999998,29.94318181818182,37.291666666666664,38.8,"batch_2_wagons[W0159,W0160]"
4617.5,2025-12-04T04:57:30+00:00,parking14,capacity_reserved,375.0,297.5,372.6,79.33333333333333,99.36,75.1,"batch_4_wagons[W0181,W0182,W0188,W0153]"
4618.5,2025-12-04T04:58:30+00:00,retrofit2,capacity_released,319.5,78.29999999999994,32.79999999999994,24.507042253521107,10.266040688575881,-45.5,"batch_2_wagons[W0161,W0162]"
4619.0,2025-12-04T04:59:00+00:00,retrofit1,capacity_released,319.5,76.90000000000012,40.800000000000125,24.06885758998439,12.769953051643231,-36.099999999999994,"batch_2_wagons[W0193,W0194]"
4669.0,2025-12-04T05:49:00+00:00,retrofitted1,capacity_reserved,528.0,196.89999999999998,233.49999999999997,37.291666666666664,44.223484848484844,36.599999999999994,"batch_2_wagons[W0191,W0192]"
4674.0,2025-12-04T05:54:00+00:00,retrofit2,capacity_released,319.5,32.79999999999994,0.0,10.266040688575881,0.0,-32.79999999999994,"batch_2_wagons[W0163,W0164]"
4682.5,2025-12-04T06:02:30+00:00,retrofitted1,capacity_released,528.0,233.49999999999997,175.2,44.223484848484844,33.18181818181818,-58.3,"batch_3_wagons[W0183,W0184,W0189]"
4692.5,2025-12-04T06:12:30+00:00,parking5,capacity_reserved,162.0,86.1,144.39999999999998,53.148148148148145,89.13580246913578,58.3,"batch_3_wagons[W0183,W0184,W0189]"
4702.5,2025-12-04T06:22:30+00:00,retrofitted1,capacity_released,528.0,175.2,112.49999999999999,33.18181818181818,21.30681818181818,-62.7,"batch_3_wagons[W0190,W0195,W0196]"
4712.0,2025-12-04T06:32:00+00:00,retrofitted1,capacity_reserved,528.0,112.49999999999999,158.0,21.30681818181818,29.924242424242426,45.5,"batch_2_wagons[W0161,W0162]"
4712.5,2025-12-04T06:32:30+00:00,retrofitted1,capacity_reserved,528.0,158.0,194.1,29.924242424242426,36.76136363636363,36.099999999999994,"batch_2_wagons[W0193,W0194]"
4717.0,2025-12-04T06:37:00+00:00,retrofit1,capacity_released,319.5,40.800000000000125,1.2789769243681803e-13,12.769953051643231,4.003057666254086e-14,-40.8,"batch_2_wagons[W0221,W0224]"
4767.5,2025-12-04T07:27:30+00:00,retrofitted1,capacity_reserved,528.0,194.1,226.89999999999998,36.76136363636363,42.973484848484844,32.8,"batch_2_wagons[W0163,W0164]"
4767.5,2025-12-04T07:27:30+00:00,parking16,capacity_reserved,75.0,0.0,62.7,0.0,83.60000000000001,62.7,"batch_3_wagons[W0190,W0195,W0196]"
4810.5,2025-12-04T08:10:30+00:00,retrofitted1,capacity_reserved,528.0,226.89999999999998,267.7,42.973484848484844,50.70075757575757,40.8,"batch_2_wagons[W0221,W0224]"
4832.5,2025-12-04T08:32:30+00:00,retrofitted1,capacity_released,528.0,267.7,209.89999999999998,50.70075757575757,39.753787878787875,-57.8,"batch_3_wagons[W0219,W0220,W0159]"
4897.5,2025-12-04T09:37:30+00:00,parking10,capacity_reserved,450.0,380.3,438.1,84.51111111111112,97.35555555555557,57.8,"batch_3_wagons[W0219,W0220,W0159]"
4962.5,2025-12-04T10:42:30+00:00,retrofitted1,capacity_released,528.0,209.89999999999998,155.2,39.753787878787875,29.393939393939394,-54.7,"batch_3_wagons[W0160,W0191,W0192]"
5027.5,2025-12-04T11:47:30+00:00,parking13,capacity_reserved,375.0,309.9,364.59999999999997,82.63999999999999,97.22666666666666,54.7,"batch_3_wagons[W0160,W0191,W0192]"
5092.5,2025-12-04T12:52:30+00:00,retrofitted1,capacity_released,528.0,155.2,109.69999999999999,29.393939393939394,20.77651515151515,-45.5,"batch_2_wagons[W0161,W0162]"
5156.0,2025-12-04T13:56:00+00:00,parking11,capacity_reserved,375.0,316.0,361.5,84.26666666666667,96.39999999999999,45.5,"batch_2_wagons[W0161,W0162]"
5221.0,2025-12-04T15:01:00+00:00,retrofitted1,capacity_released,528.0,109.69999999999999,56.499999999999986,20.77651515151515,10.700757575757573,-53.2,"batch_3_wagons[W0193,W0194,W0163]"
5286.0,2025-12-04T16:06:00+00:00,parking12,capacity_reserved,375.0,319.9,373.09999999999997,85.30666666666666,99.49333333333333,53.2,"batch_3_wagons[W0193,W0194,W0163]"
5351.0,2025-12-04T17:11:00+00:00,retrofitted1,capacity_released,528.0,56.499999999999986,22.099999999999987,10.700757575757573,4.185606060606059,-34.4,"batch_2_wagons[W0164,W0221]"
5359.5,2025-12-04T17:19:30+00:00,parking7,capacity_reserved,159.0,122.8,157.2,77.23270440251572,98.86792452830187,34.4,"batch_2_wagons[W0164,W0221]"
5369.5,2025-12-04T17:29:30+00:00,retrofitted1,capacity_released,528.0,22.099999999999987,0.0,4.185606060606059,0.0,-22.099999999999987,batch_1_wagons[W0224]
5376.5,2025-12-04T17:36:30+00:00,parking6,capacity_reserved,199.5,172.10000000000002,194.20000000000002,86.26566416040102,97.34335839598998,22.1,batch_1_wagons[W0224]
